exclude,ID,state,region_code,south_code,TLactual,TL,collectivism,extraversion,agreeable,conscien,neuro,open,sexratio,gini_2015,gini_all,gini,pop_dense_rank,pop_density,population,population_rank,state_mobility,politic,age,compared_to,similar_to,compared_with,same_as,different_from,as_much_as,similarities_between,relate_to,related_to,bigger_than,same_size,differ_from,identical_to,smaller_than,associated_with,equal_to,larger_than,relative_to,less_than,part_of,compare_and_contrast,longer_than,akin_to,harder_than,fewer_than,softer_than,further_away,farther_away,worried,afraid,proud,depressed,inspried,admiration,ashamed,optimistic,sympathetic,resentful,envious,jealous,happy,surprised,angry,sad,disgusted,thesouth,southern,gulfcoast,honor,govcontrol,abstruth,abstinence,feminism,stopabortion,saynotodrugs,bible,lev18,lawenforcement,punishment,jailtime,courtdate,hypothermia,heatstroke,lightstrike,tstorm,flood,quake,tnado,flu,pnumon,stdsympt,disease,joinmil,army,navy,airforce,sealteam,fence,wall,prochoice,genderfluid,nostringsattached,genderreassignment,genderneutral,stayathomedad,femaleceo,taxevasion,prolife,iphone,obama,jackson,ipad,rebblack,whithoust,paulwalk,robwil,lamarodom,pop_search_new,pop_search,ZTL,Zcollectivism,pop_dense_log,pop_log,compare_all,shouldyou,youshould,shouldI,Ishould,you,youmust,imust,youhaveto,ihaveto,I,weshould,shouldwe,geographic,behav_restrict,pun_deviance,ecothreat,disease_threat,terr_threat,urban,minority,hispanic,black,asian,asian_hispanic,pop_social,comp_emo_final,comp_word_final,non_scomp_word_final,non_scomp_word_final_2,basic_emo_final_2,non_comp_emo_final,basic_emo_final,pop_search_final,social_noncomp_final,lat,lon
1,1,Alabama,3,1,75.45,75.45,57,0.22,-0.27,-0.53,-0.26,-1.32,94.33,0.464,0.469142857,0.472,24,95.9,4858979,27,2.25,14,38.6,0.152,1.224,0.609,0.339,1.376,1.199,0.05,1.369,1.348,0.837,0.803,1.686,1.27,0.329,1.674,1.04,1.109,1.43,1.55,1.012,1.861,0.966,0.124,0.759,0.567,-0.262,-0.862,-0.601,1.085,0.414,1.173,-0.444,1.268,0.85,2.143,1.369,0.855,-0.423,-0.058,0.622,0.271,-0.074,-0.455,-0.707,0.892,3.543,2.508,1.521,2.418,0.935,1.439,0.599,-0.694,0.477,1.983,2.422,2.025,0.064,0.778,-0.025,-0.059,-0.208,0.549,1.103,0.193,-0.423,-0.631,2.261,-0.554,1.91,0.989,0.535,0.907,1.451,0.269,1.099,1.8,-0.299,-0.786,-0.628,-0.073,-0.371,-0.283,-0.34,-1.374,-0.298,-0.182,0.092,0.511,0.844,0.871,0.668,-0.83,1.143,0.437,-0.307,0.311,0.438846154,-0.363,2.009490185,0.610399037,4.563305982,15.39633889,0.694947368,0.774,1.434,-0.303,0.021,1.104,1.548,0.699,1.64,0.769,-0.141,0.068,-0.408,2.524,1.135285714,0.272333333,0.579166667,0.72,0.634428571,59,0.34,0.04,0.26,0.01,0.05,0.203,0.612428571,0.943230769,0.709785714,-0.0798,0.57925,0.577888889,0.056833333,0.405333333,0.77,32.806671,-86.79113
1,2,Alaska,4,0,38.43,38.43,48,-1.63,-4.33,-3,-1.2,-1.37,108.52,0.43,0.4362,0.422,1,1.3,738432,3,5.22,12,33.3,0.68,-1.019,-0.593,-0.5,-0.274,-0.848,-1.341,-1.308,-0.954,0.278,-0.399,-0.408,-0.517,0.058,-0.937,-1.449,-0.068,-0.668,-1.478,-0.783,-0.544,-0.394,1.137,-0.842,-1.501,-0.855,-1.318,-0.204,-1.192,-0.758,-0.114,-0.233,-1.028,-1.08,-0.399,-1.079,-1.529,-0.581,-0.043,-0.528,-0.94,-0.81,-0.695,-1.071,-1.004,-0.559,-0.892,-0.305,0,-0.704,0.397,-0.758,-0.972,-1.659,-0.676,0.076,-0.14,0.058,0.048,0.468,-0.878,3.721,-1.848,-1.092,-1.796,-0.196,5.037,-0.955,0.071,-1.078,0.816,-1.06,2.078,3.989,-0.237,2.536,-0.015,-0.36,-0.358,0.413,0.468,-1.617,0.347,-0.087,2.63,-0.657,-1.181,-0.147,0.364,-0.01,-1.375,0.39,-0.844,-0.882,-0.894,-0.279,-1.266,-0.330538462,-0.43475,-0.929577368,-0.183472543,0.262364264,13.5122843,-0.854736842,-1.301,-0.491,-0.195,-0.812,-0.896,-0.336,1.687,-0.967,-0.316,-0.5035,-1.029,-1.874,-0.585333333,-0.495857143,0.191333333,-0.361,-0.31275,1.090428571,66,0.38,0.07,0.04,0.06,0.13,-0.6804,-0.700428571,-0.554076923,-0.643142857,-0.944,-0.941,-0.79,-0.879666667,-0.532888889,-0.57,61.370716,-152.404419
1,3,Arizona,4,0,47.56,47.56,49,-0.03,-0.06,1.06,-1.09,-0.02,98.74,0.464,0.469614286,0.455,18,60.1,6828065,37,3.75,7,36.9,-0.243,-0.234,0.791,0.807,-0.232,-0.187,0.278,-0.265,0.073,-0.188,-0.214,0.197,0.319,0.064,0.076,-0.05,0.073,0.648,0.263,0.246,0.283,0.332,-0.72,-0.324,-0.102,-0.358,0.131,-0.08,-0.853,-0.476,-0.588,-0.195,-0.276,-0.41,-0.355,0.392,0.015,0.422,0.016,0.274,-0.558,-0.636,-0.421,2.624,-0.141,-0.579,-0.279,-0.35,-1,0.301,-0.339,-0.647,-0.518,0.107,-0.429,-0.383,-0.655,0.017,-1.034,0.382,0.277,-0.647,1.521,-0.133,-0.806,-0.462,0.076,-0.78,-0.538,-0.194,0.308,-0.775,0.594,-0.01,-0.559,0.104,0.39,4.194,3.271,-0.887,0.28,-0.021,0.423,-1.058,0.026,-0.074,-0.456,-0.701,-0.327,-0.067,0.018,-0.202,-0.003,-0.51,0.289,0.225,1.092,0.205307692,0.68825,-0.204734398,-0.09526459,4.096009842,15.73655188,-0.044473684,-0.507,-0.452,-0.077,-0.58,-0.4795,0.149,0.102,-0.166,0.363,-0.3285,-0.626,-1.003,-0.402666667,-0.298714286,-0.211666667,-0.217833333,-0.29975,1.140571429,89.8,0.44,0.31,0.04,0.03,0.34,0.0924,-0.078142857,0.069384615,0.057571429,-0.1466,-0.5265,-0.360333333,0.065333333,0.057222222,-0.04,33.729759,-111.431221
1,4,Arkansas,3,1,75.03,75.03,54,-0.21,-0.53,-0.54,1.01,0.06,96.45,0.451,0.460028571,0.458,17,57.2,2978204,18,2.55,14,37.8,1.198,1.328,1.271,0.941,1.787,1.185,1.722,1.864,1.94,1.44,1.301,1.435,1.265,1.239,1.776,1.398,1.307,1.138,1.526,1.559,2.642,1.345,0.167,0.371,1.053,-0.521,0.007,0.663,0.583,0.776,0.399,0.253,1.612,1.164,1.816,0.705,0.381,0.981,0.048,0.493,0.615,-0.107,-0.789,-0.106,0.265,0.879,0.589,-0.06,0.162,1.525,1.612,1.143,-0.913,1.862,1.756,2.218,1.988,0.637,1.547,0.293,-0.076,-0.495,1.607,0.544,0.824,0.001,0.102,2.473,-0.387,0.777,0.251,0.514,0.877,-0.209,-0.304,0.366,0.865,-0.285,-0.482,-0.205,0.797,-0.731,0.253,0.009,-0.768,-0.379,-0.259,0.239,1.209,0.08,0.41,0.118,-0.805,0.163,0.07,0.036,0.109,0.055923077,0.137,1.976145821,0.345775177,4.046553898,14.90683099,0.997263158,0.483,2.021,0.095,0.681,1.252,1.61,1.249,1.689,1.391,0.388,1.703,0.306,0.469333333,1.479285714,0.825666667,0.825666667,0.28875,0.118285714,56.2,0.27,0.07,0.15,0.01,0.08,-0.0418,0.725428571,1.436692308,1.092785714,0.3146,0.37925,0.457444444,0.109,0.154444444,1.04,34.969704,-92.373123
1,5,California,4,0,27.37,27.37,60,-0.57,0.04,-0.13,-0.53,1.05,98.83,0.459,0.462328571,0.471,40,251.3,39144818,50,1.34,-9,36,-1.585,-0.772,-0.56,-0.615,-0.34,-0.716,-0.962,-0.809,-1.49,-0.924,-1.311,-0.218,-0.662,-0.912,-1.581,-1.232,-1.176,-0.633,-1,-1.158,-0.567,-1.102,-0.632,-0.492,-0.582,-0.883,-0.998,-1.074,-0.996,-1.37,-0.27,-0.78,-0.49,0.717,-0.63,0.368,-1.102,1.217,0.078,0.613,-1.323,-0.179,-0.866,1.045,0.292,-0.669,0.209,-0.378,-0.62,-1.175,-1.143,-1.835,-0.326,-0.259,0.348,-0.836,-0.998,-0.889,-1.858,-0.704,0.17,-1.595,-0.912,-1.881,-2.173,-0.798,3.198,-1.098,-0.559,-1.916,-0.938,-2.225,-0.305,-0.986,-0.076,-0.822,-1.233,0.208,0.118,-0.97,-1.275,1.308,-1.798,-1.101,-0.643,0.642,-0.611,-1.331,0.973,-0.711,1.287,0.177,0.922,-0.246,0.324,-0.422,2.042,0.569384615,-0.25625,-1.807645632,0.875022897,5.526647445,17.48277861,-0.429736842,-1.85,-1.063,-1.222,-1.175,-1.4565,0.212,-1.125,-1.249,-0.577,-1.1985,-0.691,-0.675,-0.279333333,-0.890142857,-1.150333333,-1.4095,-1.4095,-0.442285714,95,0.62,0.39,0.06,0.14,0.53,0.28,0.109,-0.843384615,-0.966428571,-0.8058,-0.56325,-0.609333333,-0.400166667,0.482888889,-0.45,36.116203,-119.681564
1,6,Colorado,4,0,42.92,42.92,36,-0.19,0.03,0.69,-1.97,0.97,100.48,0.435,0.443242857,0.457,14,52.6,5456574,29,4.13,-1,36.3,-0.176,-0.731,-0.873,-0.354,-1.151,-1.267,-0.902,-0.918,-1.05,-0.765,-0.655,-1.188,-1.196,-0.7,-0.868,-0.904,-0.223,-0.568,-0.502,-1.082,-0.837,-0.624,-0.658,-1.134,-1.173,-0.815,0.263,-0.861,-0.993,-1.216,-0.979,-0.782,-0.757,-0.035,-0.908,-0.827,-0.856,-0.712,-0.338,-1.061,-1.274,-0.776,-0.6,0.18,-1.268,-0.445,-0.701,-0.286,-1.052,0.047,0.431,-1.111,-0.604,-0.244,-1.002,-0.394,-0.519,0.111,-1.015,-0.483,-0.026,-0.304,-0.337,1.32,-0.437,0.475,-0.133,-0.07,-0.231,-0.949,0.384,-0.97,-0.178,0.198,-0.686,1.627,-0.022,0.459,0.369,-0.314,-0.747,-0.667,-0.114,-0.524,1.062,0.254,-0.637,-0.411,-0.33,0.32,-0.714,-0.003,-0.866,-0.632,-0.285,1.167,-0.651,-0.289538462,-0.45525,-0.573110234,-1.241967983,3.96271612,15.51233168,-0.787947368,-0.761,-1.1,-0.018,-1.146,-0.9305,-0.85,-0.251,-0.574,-0.47,-0.582,-0.809,-0.243,-0.477333333,-0.383428571,-0.462333333,0.107833333,-0.4415,0.252428571,86.2,0.31,0.21,0.04,0.03,0.24,-0.0756,-0.676857143,-0.863538462,-0.682285714,-0.744,-1.06325,-0.960444444,-0.825666667,-0.221555556,-0.63,39.059811,-105.311104
1,7,Connecticut,1,0,36.37,36.37,50,-0.36,-0.72,-1.11,0.54,0.65,94.83,0.433,0.431328571,0.486,47,741.6,3590886,22,2.33,-7,40.5,-0.706,0,-0.382,-0.285,0.074,-0.149,0.681,0.801,-0.405,-0.726,-0.591,-0.151,-0.512,-0.428,-0.587,0.259,-0.44,-0.141,0.224,-0.045,-0.577,-0.663,0.884,1.091,0.111,1.148,-0.321,-0.058,-0.166,0.554,-0.137,0.824,0.168,0.879,-0.87,-0.416,0.441,-0.021,-0.393,-0.44,0.761,1.086,1.68,-0.643,0.166,-0.445,0.072,-0.285,0.145,-0.481,-1.579,-0.369,1.095,-0.282,-0.589,-1.26,-1.1,-1.364,0.138,-0.458,-0.008,-0.187,-1.259,-0.797,-0.128,-0.155,-0.409,-0.686,-0.429,-0.425,-0.758,0.824,-1.128,-0.838,-0.034,-1.097,-0.226,-0.197,-0.377,0.246,0.228,1.324,0.158,0.171,0.245,1.542,1.481,-0.681,0.133,0.187,0.037,0.512,1.791,-0.162,-0.936,-1.084,0.084,0.147769231,-1.05675,-1.093123537,-0.007056636,6.608810014,15.09390953,0.149789474,-0.331,-0.874,-0.237,0.606,-0.6025,-0.808,0.404,-0.962,-0.971,0.1845,0.093,1.558,-0.219333333,-0.748714286,-0.561333333,-0.535333333,-0.197,-0.556714286,88,0.31,0.15,0.1,0.04,0.19,-0.001,0.071,-0.180846154,-0.045285714,0.3942,0.41,0.402111111,0.600666667,0.062444444,-0.06,41.597782,-72.755371
1,8,Delaware,3,1,51.02,51.02,55,0.15,-0.29,-0.48,0.21,-0.93,93.94,0.441,0.446728571,0.44,45,485.3,945934,6,3.48,-8,39.6,-0.13,0.304,0.799,0.553,0.642,0.517,0.934,1.15,1.042,-0.299,0.205,-0.036,0.269,-0.045,0.452,1.958,0.574,2.004,1.437,0.443,0.471,-0.154,-0.096,1.85,-0.635,1.15,0.608,0.329,0.694,0.554,1.04,0.796,0.92,1.141,-0.18,1.099,0.781,0.299,-0.293,0.431,0.694,2.137,1.348,0.556,1.351,-0.54,-0.52,-0.253,-0.274,1.396,-1.373,1.203,0.583,-1.659,-0.432,-0.439,-0.582,-0.537,0.621,0.303,-0.357,0.083,-0.753,-0.287,0.88,-0.388,-0.243,-0.415,-0.34,-0.197,0.218,0.684,0.161,-0.65,0.085,0.821,0.794,-0.07,-0.573,-0.238,0.189,0.847,-0.275,0.386,-0.098,2.31,1.067,-0.15,0.629,0.137,0.491,1.367,1.954,0.742,0.375,0.185,0.12,0.328307692,-0.3465,0.069959652,0.43398313,6.184767256,13.75992808,0.826684211,1.416,0.535,0.731,0.53,0.9755,0.506,-0.036,-0.137,-0.076,0.6305,0.421,2.038,-0.437666667,-0.207714286,0.129,-0.146666667,0.09125,0.081142857,83.3,0.36,0.09,0.21,0.04,0.13,0.6284,0.617,0.457692308,0.606857143,0.6604,1.184,0.943666667,1.106666667,0.666666667,0.43,39.318523,-75.507141
1,10,Florida,3,1,49.28,49.28,54,0.65,0.55,1.11,-0.5,0.59,95.6,0.44,0.443828571,0.474,43,378,20271272,48,2.78,2,33.8,-0.681,0.127,0.177,0.259,0.666,0.484,0.115,0.143,0.035,-0.236,-0.553,1.315,0.434,-0.597,0.133,0.275,-0.667,-0.188,0.85,0.454,1,0.207,-1.077,-0.267,0.909,-0.687,-0.602,-0.774,0.179,-0.372,0.442,-0.675,0.112,0.93,0.093,1.124,-0.189,1.355,0.148,0.471,-0.355,-1.324,-0.454,0.535,1.057,-0.091,-0.194,1.564,-1.221,-0.309,-0.557,-1.006,-1.601,-0.086,2.949,-0.047,-0.151,1.034,-1.475,0.226,0.629,-1.154,-0.194,0.894,-0.509,-0.388,-0.613,-0.571,-0.656,-1.042,0.13,-0.817,0.559,-0.595,0.394,-0.152,-0.033,-0.782,-0.273,-1.327,-0.795,0.332,-1.08,-1.81,-1.397,0.072,0.154,-1.113,0.915,0.253,0.602,0.826,-0.319,0.622,0.499,0.251,0.786,0.439692308,-0.361,-0.068181286,0.345775177,5.934894196,16.82471527,0.308315789,-0.042,0.769,-0.498,-0.239,0.3635,2.476,-0.936,0.132,0.807,-0.3685,-0.964,-1.459,0.426333333,-0.024142857,-0.071666667,-0.320333333,-0.59625,-0.126,91.2,0.44,0.24,0.16,0.03,0.27,0.2572,0.467,0.175769231,-0.054571429,-0.2842,-0.115,-0.080777778,-0.152166667,0.492777778,-0.02,27.766279,-81.686783
1,11,Georgia,3,1,60.26,60.26,60,1.22,0.87,1.43,-0.39,0.19,95.38,0.433,0.434414286,0.468,34,177.6,10214860,43,2.75,6,41.6,-0.902,-0.357,-0.624,-0.462,0.285,-0.546,0.159,0.434,-0.177,0.416,-0.128,0.126,0.16,-0.569,0.107,0.077,-0.541,-0.246,0.413,0.122,0.789,0.128,-1.684,-0.074,-0.201,-0.921,-1.071,-0.913,1.142,-0.736,1.114,-1.081,-0.686,-0.192,0.999,1.696,-1.122,0.346,0.154,0.966,-0.793,-0.52,-0.914,-1.125,1.025,2.226,1.903,0.089,-1.113,0.289,0.19,-0.67,-1.447,-0.209,0.714,0.993,0.912,-0.123,-0.774,1.63,1.188,-1.089,-0.42,-0.246,-0.384,-0.584,-0.617,0.031,-0.499,-0.406,1.77,-0.572,0.901,0.748,0.255,0.202,-0.206,-0.83,-0.798,-1.237,-0.935,-0.356,-0.931,-1.265,-1.131,0.206,-0.045,-1.181,0.815,0.493,1.176,-0.974,-0.595,2.181,0.546,-0.325,0.991,0.245076923,-0.51875,0.80353567,0.875022897,5.179533831,16.13935408,-0.007157895,0.143,0.094,-0.84,-0.213,0.1185,0.083,-0.671,0.858,0.447,-0.5265,-1.258,-1.273,1.406,0.018,0.244333333,-0.448666667,0.07325,0.038857143,75.1,0.46,0.09,0.31,0.04,0.13,0.259,0.082857143,-0.124307692,-0.322142857,-0.636,0.22775,0.090888889,-0.5105,0.478666667,0,33.040619,-83.643074
1,12,Hawaii,4,0,36.49,36.49,91,-0.58,0.17,-1.57,-0.74,-1.28,100.32,0.454,0.460214286,0.433,38,222.9,1431603,11,4.15,-20,36.1,-0.692,0.998,-0.074,1.49,0.217,-0.131,0.701,0.109,-0.538,-0.263,0.579,-0.194,-0.055,0.152,-0.953,-0.022,-0.904,-0.565,-1.48,-0.098,-0.129,0.01,0.22,-0.533,-0.924,2.515,-0.164,-0.656,-0.924,-0.22,-0.284,0.031,0.724,1.043,-0.324,1.118,-0.46,2.941,0.377,2.104,-0.246,-0.52,1.862,3.537,0.296,-0.687,-0.818,-0.385,0.254,-1.424,-0.615,-0.166,-0.662,0.257,-0.429,-0.401,-0.874,0.046,-1.018,-1.773,-0.542,-1.353,0.831,-1.289,-1.632,-0.248,2.008,-1.189,-0.258,-0.764,-0.131,-1.522,3.668,3.701,3.403,1.118,0.127,-1.049,-0.677,-0.995,-1.841,2.243,-1.015,-2.073,-1.033,-0.234,0.924,-1.579,1.978,-0.725,-0.152,3.669,0.75,-0.221,0.694,4.543,0.632,1.056153846,1.40025,-1.083596575,3.60946945,5.40672324,14.17430535,0.477789474,-1.569,-0.372,-1.034,-1.004,-0.9705,0.052,-1.072,-1.497,-0.958,-1.019,0.175,0.544,-0.63,-0.622428571,-0.915,-0.813333333,-0.66875,1.470142857,91.9,0.77,0.1,0.02,0.36,0.46,1.022,0.920714286,0.165153846,-0.214142857,0.0476,-0.342,0.119222222,0.784833333,1.240888889,0.13,21.094318,-157.498337
1,13,Idaho,4,0,45.5,45.5,42,-1.22,-0.45,-0.09,-0.36,-0.02,100.39,0.422,0.414985714,0.433,7,20,1654930,12,4.01,18,38.1,1.755,0.811,1.666,1.366,0.209,1.164,0.653,0.263,0.845,0.475,0.983,0.65,0.53,1.595,0.965,0.752,1.335,1.214,0.459,1.076,-0.35,1.374,1.559,0.161,0.351,1.611,1.404,0.784,-0.862,-0.075,-1.44,0.41,1.066,-0.394,0.551,-0.847,0.944,-1.163,-0.715,-1.239,-0.326,-1.54,-0.972,0.117,-0.745,-0.38,-0.332,-0.259,0.354,2.418,2.145,-0.642,0.173,0.423,-0.067,-0.207,-0.684,0.16,1.039,-0.433,-0.508,0.806,1.293,1.868,-0.85,-0.18,0.427,-0.614,-0.01,-0.358,-1.304,-0.1,-0.432,-0.511,-0.587,0.132,0.398,0.575,-0.146,-0.399,1.705,-0.694,1.278,0.241,1.725,0.128,-1.173,0.615,-0.898,-0.438,-1.454,0.3,-0.49,-1.299,-0.244,0.057,-0.945,-0.560461538,0.872,-0.368280566,-0.712720263,2.995732274,14.31926927,0.259631579,0.171,0.765,1.58,0.047,0.468,0.682,1.018,0.507,1.312,0.8135,2.453,0.963,-0.323666667,0.669285714,0.255333333,0.387166667,-0.443,-0.081571429,70.6,0.17,0.12,0.01,0.01,0.13,-0.5138,-0.420142857,0.874615385,1.009214286,0.8622,-0.8055,-0.489555556,-0.590166667,-0.601222222,0.06,44.240459,-114.478828
1,14,Illinois,2,0,45.95,45.95,52,0.8,0.07,0.9,0.21,0.17,96.24,0.44,0.443242857,0.465,39,231.6,12859995,46,1.65,-8,35.9,-0.783,-0.457,-1.248,-0.337,-0.611,-0.63,-0.643,-0.629,-0.741,0.06,-0.445,-0.858,-0.766,-0.529,-0.892,-0.389,-0.678,-1.35,-0.34,-0.492,-0.694,-0.463,-0.667,-0.213,-0.562,-0.212,-0.968,-0.538,0.229,-0.491,0.421,-0.015,-0.699,-0.33,-0.366,0.602,-0.883,0.515,0.102,0.229,-0.407,1.212,-0.198,-0.335,0.457,-0.307,-0.294,-0.275,-1.2,-0.906,-0.852,-0.49,-0.338,0.098,-0.249,-0.391,-0.27,-1.087,-1.056,0.314,0.929,-0.522,-0.454,-0.6,0.336,-0.412,-0.482,0.186,-0.354,-0.294,0.907,-0.696,-0.757,-0.69,0.236,-0.777,-0.624,-0.554,-0.325,-0.407,-0.641,1.217,-0.745,-0.343,-0.102,0.714,0.44,-0.327,0.39,0.203,0.17,-0.435,0.889,0.845,0.195,-0.281,0.548,0.108153846,-0.4825,-0.332554462,0.16935927,5.445011746,16.36963189,-0.279947368,0.18,-0.154,-0.118,0.307,0.013,-0.883,-1.078,-0.154,-0.064,0.0945,-0.088,0.521,-0.292,-0.445285714,-0.609666667,-0.244333333,-0.10925,-0.498714286,88.5,0.38,0.17,0.14,0.05,0.22,0.2352,-0.092142857,-0.622153846,-0.626714286,-0.4986,0.35175,0.113666667,0.039666667,0.280444444,-0.24,40.349457,-88.986137
1,15,Indiana,2,0,54.57,54.57,57,-0.36,0.38,0.71,0.88,-0.18,96.83,0.499,0.503585714,0.44,35,184.8,6619680,35,2.15,5,37.5,1.429,1.755,1.62,1.129,2.528,1.553,2.617,1.93,1.524,1.217,1.375,1.856,1.695,2.013,1.281,2.321,2.354,2.312,1.631,1.981,1.031,1.277,0.162,1.174,1.889,1.269,0.138,2.214,0.485,0.805,0.019,0.861,0.941,1.007,0.484,0.505,1.17,-0.087,0.129,-0.225,0.903,0.111,-0.158,0.255,0.766,0.077,0.1,-0.193,0.643,1.533,1.107,1.646,1.049,1.603,0.823,0.649,0.861,-0.009,1.557,0.289,-0.13,0.508,-0.164,0.168,1.31,-0.407,-0.342,0.609,-0.086,0.447,0.113,0.596,-0.343,-0.488,-0.484,-0.748,0.23,-0.32,-0.133,0.815,0.801,0.718,0.337,0.541,0.593,0.43,0.216,1.443,-0.017,0.098,0.379,0.424,1.041,-0.157,0.002,0.381,-0.481,0.059923077,-0.2925,0.351798923,0.610399037,5.219274159,15.70555759,1.134105263,1.195,1.688,0.976,1.214,1.4415,1.787,0.726,1.094,0.876,1.095,1.9,1.487,-0.005333333,1.257714286,0.612333333,0.337333333,0.2675,-0.326571429,72.4,0.2,0.07,0.09,0.02,0.09,0.3802,0.422,1.709846154,1.562357143,1.3368,0.54175,0.529111111,0.447,0.185555556,0.74,39.849426,-86.258278
1,16,Iowa,2,0,49.02,49.02,39,0.45,0.54,-0.44,0.15,-0.97,98.07,0.469,0.4756,0.427,15,55.9,3123899,21,2.58,-1,37.4,1.715,1.005,1.482,0.499,1.126,0.422,1.657,1.3,1.05,0.407,0.914,0.958,0.139,1.164,0.681,0.667,1.076,0.34,0.133,0.864,0.538,0.721,-0.176,0.189,0.484,-0.315,0.107,1.501,-0.008,-0.027,-0.7,0.023,1.109,-0.529,-0.433,-0.585,1.173,-0.123,-0.295,-0.999,-0.103,-0.384,0.424,1.093,-0.598,-0.298,-0.557,-0.254,1.094,1.365,0.252,1.343,1.282,1.409,-0.259,0.062,0.078,0.666,1.387,-0.049,-0.784,0.558,0.602,0.119,1.321,0.907,-0.388,0.991,2.026,0.659,-0.78,0.803,-0.853,-0.424,-0.709,-0.91,0.013,0.408,0.372,1.126,1.126,0.616,-0.361,1.699,0.783,-0.405,-0.135,1.145,-1.487,-0.275,-1.068,-0.014,0.776,-0.932,-0.033,-0.366,-0.668,-0.540846154,0.415,-0.088823036,-0.977344123,4.02356438,14.95459246,0.401736842,0.913,1.489,0.833,0.455,1.201,-0.125,-0.853,0.59,0.312,0.644,2.477,2.698,-0.369666667,0.759571429,0.668,0.749666667,0.677,-0.300428571,64,0.13,0.06,0.03,0.02,0.08,-0.1932,-0.052,0.974923077,0.556071429,0.3932,-0.25425,-0.187888889,0.0675,-0.451888889,0.28,42.011539,-93.210526
1,17,Kansas,2,0,60.36,60.36,38,0.56,0.47,1.24,-0.44,-0.52,98.45,0.475,0.482014286,0.445,10,35.6,2911641,17,3.37,12,38.2,-0.086,-0.558,0.295,-1.146,-0.401,-0.642,-0.114,-0.326,-0.015,-0.671,-0.99,-0.055,-0.691,-0.901,0.057,-0.318,-1.067,-0.22,-0.82,-0.351,0.1,-0.82,-0.33,-1.245,0.03,-1.346,-0.818,-0.402,0.459,-0.389,-0.294,-0.525,-0.461,-0.49,-0.23,-0.136,-0.412,-0.024,-0.16,-0.177,-0.051,0.159,-0.874,-0.133,0.053,-0.342,-0.638,-0.232,0.464,0.411,0.651,0.005,-0.042,0.985,-0.403,0.341,0.422,0.182,-0.004,-0.092,-0.035,-0.505,0.614,0.376,1.178,-0.335,-0.122,1.902,0.36,-0.133,0.609,-0.246,0.1,1.34,-0.637,-0.353,-0.248,-0.178,0.064,-0.065,-1.121,-0.878,-1.279,-0.668,-0.371,-0.648,-0.839,1.183,-0.324,-0.724,-0.389,-0.728,-0.704,-0.672,0.37,0.622,-0.805,-0.401538462,-0.60675,0.811474805,-1.065552076,3.572345638,14.8842274,-0.174052632,-0.748,-0.365,-1.131,-0.877,-0.5565,-0.738,-0.9,-0.248,-1.004,-1.004,0.43,-0.369,-0.404,0.453285714,0.028666667,0.538333333,0.1475,0.012571429,74.2,0.23,0.11,0.06,0.03,0.14,-0.165,-0.288285714,-0.415384615,-0.514714286,-0.7562,0.0705,-0.170444444,-0.205833333,-0.372666667,-0.48,38.5266,-96.726486
1,18,Kentucky,3,1,63.91,63.91,53,-0.41,0.22,0.37,1.17,-1.1,96.85,0.475,0.478057143,0.466,29,112,4425092,25,2.41,13,36.2,0.391,0.817,-0.493,0.82,0.465,1.313,0.074,0.583,0.772,1.373,0.979,0.207,0.407,0.518,0.822,0.117,1.05,-0.515,0.443,0.606,0.456,0.884,-0.605,0.588,-0.186,-0.547,0.48,0.811,1.375,1.424,2.081,1.195,0.933,-0.718,1.121,0.008,0.12,-0.202,-0.019,1.393,1.368,0.019,-0.557,-0.014,0.384,0.186,0.784,-0.083,-0.163,0.762,0.507,0.754,0.189,1.277,0.727,1.133,1.918,-0.484,0.796,1.805,0.574,-0.09,-0.1,-0.088,0.215,-0.275,-0.352,0.492,-0.496,1.753,0.766,0.777,0.695,1.148,-0.104,-0.723,0.513,-0.552,-0.295,-0.409,0.669,-0.051,0.993,-0.124,-0.386,-0.028,-0.51,0.441,0.974,-0.225,0.226,-0.193,-0.788,0.303,1.371,0.898,-0.433,0.342307692,1.2365,1.093314076,0.257567224,4.718498871,15.30280163,0.338315789,1.433,1.124,0.721,0.77,1.2785,0.325,0.523,1.493,0.945,0.7455,1.047,-0.001,0.295666667,0.800142857,0.705666667,0.025666667,0.7,0.097428571,58.4,0.15,0.03,0.08,0.01,0.04,0.2964,0.512571429,0.592923077,0.309571429,0.2292,0.8005,0.704111111,0.437333333,0.237,0.53,37.66814,-84.670067
1,19,Louisiana,3,1,65.88,65.88,72,-0.2,0.55,-0.24,1.14,-0.01,95.9,0.443,0.4475,0.475,28,108.1,4670724,26,2.13,12,38.5,-0.311,0.676,-0.377,-0.097,0.677,0.59,-0.441,0.022,0.202,1.14,0.264,0.567,0.049,0.446,0.713,0.342,0.032,-0.075,-0.138,0.229,1.095,0.73,-0.95,0.211,0.422,0.013,-0.95,-0.272,1.355,0.454,1.859,0.03,1.067,0.152,0.754,1.393,0.071,0.366,0.758,1.298,0.361,-0.553,-0.649,-0.358,0.508,1.163,1.425,2.184,-0.396,-0.592,-0.109,0.14,-1.047,1.075,1.14,0.811,0.97,-0.168,-0.673,1.705,0.275,-0.554,1.105,0.345,-0.864,1.265,-0.738,0.056,-0.626,0.422,2.062,-0.054,0.589,-0.004,0.313,-0.264,1.866,-0.629,-0.519,-0.94,-0.992,-0.209,0.055,-0.327,-1.739,-0.275,-0.567,1.06,2.131,0.483,1.546,-0.155,-0.889,2.284,0.005,-0.031,0.494,0.932769231,-0.27675,1.249715023,1.933518337,4.683056725,15.35682465,0.378947368,0.251,0.297,-0.234,0.601,0.274,0.384,0.494,0.792,0.677,0.1835,-1.03,-0.867,1.590666667,0.503571429,0.288,0.2255,0.451,0.193142857,73.2,0.41,0.05,0.32,0.02,0.07,0.2228,0.795857143,0.227769231,0.116928571,-0.1152,0.441,0.405888889,-0.0395,0.652,0.34,31.169546,-91.867805
1,20,Maine,1,0,34,34,45,0.64,-0.86,-1.64,0.9,-0.22,95.84,0.465,0.471614286,0.437,13,43.1,1329328,9,2.96,-6,36.1,0.617,-0.549,-0.095,-0.317,-0.114,-0.351,0.107,0.056,-0.073,-0.364,-0.659,-0.273,-0.799,-0.048,-0.426,-1.192,-0.127,-0.835,-0.659,0.082,-0.628,-0.746,2.173,-0.22,-0.599,-0.655,2.249,0.673,-0.264,0.734,-0.709,1.047,-0.356,-0.487,-0.755,-1.405,1.166,-0.673,-0.153,-0.782,0.706,-0.165,0.563,-0.024,-1.352,-0.284,2.203,-0.294,0.274,0.076,-0.814,1.006,1.376,-1.659,-0.77,-1.073,-0.722,-0.512,0.678,-0.12,-0.719,1.723,0.164,0.409,1.101,-0.29,-0.107,-0.685,0.19,0.491,-1.702,2.205,-0.772,-0.619,-0.16,-0.975,-1.34,-0.284,-0.106,0.392,2.346,-0.173,1.554,1.563,0.658,-0.536,0.137,-0.321,-1.581,-0.141,-1.139,0.424,-0.252,-0.942,-1.24,0.943,-1.13,-0.503615385,-0.57425,-1.281281022,-0.448096403,3.763522997,14.10018411,-0.193105263,-0.234,-0.455,0.191,0.952,-0.3445,-1.018,1.85,-0.526,-0.234,0.5715,-0.141,0.296,0.541666667,-0.507857143,0.015333333,0.403666667,0.296,-0.608,38.7,0.06,0.02,0.01,0.01,0.03,-0.3658,-0.284857143,-0.216461538,-0.052714286,0.2896,-0.26175,-0.099,0.077,-0.562,-0.31,44.693947,-69.381927
1,21,Maryland,3,1,45.5,45.5,63,-1.99,-0.42,-0.51,0.45,0.74,93.63,0.467,0.468957143,0.443,46,618.7,6006401,32,2.65,-10,44.1,-0.845,-0.006,0.463,-0.213,0.46,-0.441,0.465,0.6,0.097,-0.684,-0.335,-0.196,-0.06,-0.247,0.243,0.401,0.459,0.242,1.047,-0.277,-0.183,-0.272,1.239,0.805,0.793,0.136,-0.395,-0.68,0.388,-0.652,0.911,0.196,0.132,1.277,0.197,0.654,0.579,1.256,-0.025,0.422,-0.567,1.734,1.289,-0.405,2.043,-0.499,0.225,-0.279,0.712,-0.59,-0.629,0.582,1.03,-0.179,-0.359,-0.255,0.107,-0.126,0.972,0.376,0.374,0.187,-1.147,-0.75,0.543,-0.543,-0.173,-0.53,0.119,-0.153,-0.346,0.658,0.571,0.643,2.603,0.507,0.814,-0.088,-0.369,0.37,-0.55,0.702,-0.229,0.179,0.607,1.072,0.652,-0.216,0.166,1.72,0.711,0.636,1.656,1.329,-0.819,-1.04,-0.033,0.145076923,-0.993,-0.368280566,1.139646757,6.427620503,15.60833629,0.668631579,0.553,-0.235,0.127,-0.116,0.159,0.828,-0.444,-0.578,-0.671,0.0055,-0.567,0.684,-0.184333333,-0.235142857,0.407333333,-0.373333333,0.0695,0.668714286,87.2,0.47,0.09,0.29,0.06,0.15,0.4456,0.650285714,-0.053461538,0.179,0.1318,0.87825,0.586888889,0.573666667,0.480666667,0.27,39.063946,-76.802101
1,22,Massachusetts,1,0,35.12,35.12,46,-0.81,-0.51,-0.75,0.98,1.2,93.66,0.437,0.444914286,0.475,48,871.1,6794422,36,2.2,-10,38.3,-1.236,-0.828,-0.37,-0.772,-0.96,-0.391,-1.044,-0.986,-1.391,-0.695,-0.656,-1.241,-0.814,-0.564,-1.127,-0.198,-0.022,0.89,-0.236,-0.702,-1.211,-0.981,0.592,0.332,0.255,0.652,0.196,-0.614,-0.059,0.038,-0.39,0.623,-1.079,0.247,-0.869,-0.745,-0.255,0.058,-0.317,-0.208,0.193,1.902,0.864,-1.483,0.449,-0.034,-0.654,-0.311,-0.971,-1.863,-1.459,-1.047,1.522,-0.71,-1.265,-1.413,-1.028,-1.461,-0.918,-0.872,-0.627,-0.372,-1.011,-0.865,-0.412,-0.368,-0.357,-0.589,-0.535,-0.11,-0.669,0.453,-1.074,-0.781,-0.371,-1.012,-0.135,-0.607,-0.506,0.126,-0.408,1.168,-0.357,1.167,0.271,1.258,0.646,-1.001,0.421,0.221,-0.345,0.165,0.971,0.247,-0.858,-0.094,0.144,0.079384615,-0.948,-1.192362717,-0.35988845,6.769756781,15.73161254,-0.181578947,-0.678,-1.256,-0.21,1.025,-0.967,-0.574,0.178,-1.159,-1.156,0.4075,-1.053,0.989,-0.333,-1.251142857,-1.083666667,-0.602833333,-0.21525,-0.640857143,92,0.26,0.11,0.07,0.06,0.17,-0.021,-0.277714286,-0.875692308,-0.219285714,0.1642,0.5825,0.266222222,0.327166667,0.096888889,-0.28,42.230171,-71.530106
1,23,Michigan,2,0,48.93,48.93,46,0.37,0.69,0.21,-0.09,-0.3,96.28,0.461,0.464628571,0.451,33,175.5,9922576,41,1.53,-4,39.4,0.422,0.133,-0.03,0.235,0.269,0.78,0.371,0.379,0.347,0.497,0.681,0.252,-0.159,0.523,-0.142,0.676,0.447,0.34,0.163,0.075,-0.257,0.407,-0.662,0.723,-0.362,0.368,0.602,0.62,0.631,0.693,0.905,0.771,-0.469,0.553,0.087,0.276,0.42,0.631,0.069,0.259,0.803,0.108,-0.123,-0.168,0.467,-0.504,-0.909,-0.284,1.949,1.472,-0.137,0.107,0.203,0.56,-0.393,0.02,-0.015,-1.034,0,0.921,-0.34,-0.103,-0.646,-0.49,1.138,-0.613,-0.63,-0.237,-0.228,0.125,0.437,-0.11,-0.724,-0.56,-0.736,-0.929,-0.759,-0.627,-0.539,0.04,0.78,0.662,0.255,0.206,0.453,0.163,-0.273,0.46,-0.183,-0.266,0.118,-0.753,0.597,0.482,0.06,0.876,0.507,0.072615385,-0.007,-0.095968257,-0.35988845,5.167639043,16.11032312,0.284315789,0.74,0.601,0.843,1.408,0.6705,0.04,0.182,0.613,1.202,1.1255,0.594,0.387,-0.565666667,0.298428571,-0.037666667,-0.1585,0.056,-0.696285714,74.6,0.24,0.05,0.14,0.03,0.08,0.277,0.338285714,0.321307692,0.199857143,0.3902,0.47475,0.412555556,0.296666667,0.159777778,0.23,43.326618,-84.536095
1,24,Minnesota,2,0,47.84,47.84,41,1.29,1.41,0.14,-0.8,-0.67,98.52,0.427,0.434,0.44,21,68.9,5489594,30,1.98,-2,39.6,-0.08,-0.57,-0.98,0.393,-0.694,-1.354,-0.563,-0.912,-0.697,-1.07,-0.348,-1.062,-0.919,-0.709,-0.764,-0.85,-0.34,-1.439,-0.697,-0.785,-0.839,-0.626,0.607,-0.799,-1.143,-0.694,0.266,-0.804,-0.649,-1.079,-1.189,-0.551,-1.287,-1.33,-0.912,-0.525,-0.214,-0.285,-0.352,-1.093,-1.051,1.024,1.113,0.084,-0.675,-0.622,-0.752,-0.283,-1.151,-0.248,0.015,-0.352,-0.085,0.07,-0.927,-0.365,-0.161,-0.011,-1.118,-0.689,-0.35,0.549,0.898,-0.219,0.113,-0.046,-0.624,0.129,1.113,0.553,-0.378,0.301,-1.272,-0.784,-0.9,-1.029,-0.712,-0.279,-0.011,0.968,-0.8,0.391,0.078,0.86,1.181,0.271,0.018,0.826,-0.449,-0.736,-0.807,0.373,0.497,-0.419,-0.279,-0.307,-0.763,-0.440923077,-0.8415,-0.182504821,-0.800928216,4.232656178,15.51836486,-0.650789474,-0.276,-0.883,0.432,-0.592,-0.5795,-1.245,-1.797,-0.678,-0.806,-0.08,-0.521,0.432,-0.552333333,-0.140142857,-0.606,0.237333333,0.39725,-0.712428571,73.3,0.19,0.05,0.06,0.05,0.1,-0.3264,-0.821428571,-0.681230769,-0.629785714,-0.6348,-0.34475,-0.367222222,-0.097333333,-0.321111111,-0.47,45.694454,-93.900192
1,25,Mississippi,3,1,78.86,78.86,64,0.34,1.39,0.79,1.5,-0.8,94.44,0.448,0.447171429,0.468,19,63.8,2992333,19,2.5,9,37.8,0.204,1.261,1.155,0.431,1.433,1.708,0.636,1.602,1.706,1.829,0.521,2.029,3.301,0.758,2.337,1.075,0.884,0.294,1.397,1.77,3.329,1.617,-1.352,1.114,0.516,0.216,-0.088,-0.006,3.439,0.475,2.893,-0.116,0.995,1.38,3.372,2.671,0.16,1.345,0.235,1.75,0.484,-1.016,-1.102,-0.851,1.55,2.88,3.278,6.067,0.56,-0.106,1.219,3.115,-1.459,0.812,2.289,2.436,1.76,0.905,1.258,2.269,0.18,-0.581,0.934,-0.068,-0.569,0.292,-0.688,1.338,-0.527,1.277,3.037,0.74,1.252,0.057,0.677,0.928,1.014,-0.64,-0.418,-0.918,-1.387,-0.736,-0.847,-0.732,-2,-0.924,0.16,0.057,1.343,0.502,1.837,-0.962,-1.759,2.547,4.437,-1.064,0.511,0.883846154,-0.79425,2.280214668,1.22785471,4.15575319,14.91156391,1.053,0.676,1.607,-0.653,1.248,1.1415,1.41,0.587,1.786,0.949,0.2975,0.401,-0.764,4.075,1.403142857,1.477333333,0.224333333,1.13175,0.41,49.4,0.43,0.03,0.37,0.01,0.04,0.7906,1.251142857,1.370461538,0.9105,0.3504,1.112,1.084111111,-0.076666667,0.821333333,1.01,32.741646,-89.678696
1,26,Missouri,2,0,59.6,59.6,46,0.35,0.51,0.97,-0.09,-0.04,96.01,0.474,0.478371429,0.455,23,88.5,6083672,33,2.56,5,36.7,0.249,-0.194,-0.751,0.164,-0.258,-0.013,-0.194,-0.135,0.015,0.366,-0.1,-0.168,0.383,-0.115,0.192,-0.695,-0.018,-0.472,0.138,-0.265,-0.012,0.371,-0.254,-0.2,-0.288,-0.203,-0.185,-0.171,0.131,-0.229,-0.207,-0.331,-0.146,-0.772,0.046,-0.001,0.153,-0.513,-0.286,-0.315,-0.209,-0.159,-0.518,-0.486,-0.274,-0.288,0.11,-0.19,0.06,-0.061,0.555,0.189,-0.521,0.637,0.066,0.467,0.479,-0.095,0.104,0.011,0.064,-0.121,0.319,0.225,0.444,-0.14,-0.239,1.545,0.08,0.482,0.788,0.293,0.113,0.091,-0.367,-0.31,-0.35,-0.209,-0.267,0.253,-0.416,-0.607,-0.056,-0.004,0.207,0.134,0.594,1.5,-0.274,0.409,0.308,-1.47,-0.829,0.068,0.21,-0.164,-0.305,-0.064923077,-0.613,0.751137383,-0.35988845,4.483002552,15.62111902,-0.237684211,0.575,0.206,0.37,0.342,0.3905,-0.273,-0.072,0.619,0.308,0.356,0.432,0.65,-0.122666667,0.479,0.006666667,0.378666667,0.41075,-0.185571429,70.4,0.2,0.04,0.12,0.02,0.06,-0.0132,-0.298,-0.048923077,-0.141214286,-0.2094,-0.13275,-0.171555556,-0.3125,-0.227444444,-0.07,38.456085,-92.288368
1,27,Montana,4,0,46.11,46.11,31,-0.94,-0.71,-0.24,-0.71,0.43,100.8,0.464,0.469985714,0.435,3,7.1,1032949,7,3.71,7,38.5,1.261,0.337,-1.22,0.839,-1.065,-0.927,-0.855,-0.827,0.246,-0.212,0.586,-0.542,-0.352,-0.046,-0.295,-1.323,-0.209,-0.164,-1.121,-0.706,-0.902,-0.151,1.865,-0.242,-0.414,1.168,0.626,1.152,-0.916,-0.22,-1.426,-0.407,-0.241,-1.334,-0.922,-1.533,-0.151,-2.019,0.687,-1.73,-0.487,-1.608,0.294,-1.535,-1.818,-0.464,-0.876,-0.334,-0.205,-0.112,1.35,-0.049,-0.104,-1.659,-0.383,0.028,-0.389,2.173,0.3,-1.629,-1.011,1.202,0.904,3.076,-0.286,0.481,0.25,-0.372,1.111,0.087,-0.332,0.265,-1.032,-0.388,-0.8,-0.099,0.949,1.105,0.74,1.511,0.705,-1.139,0.31,-0.19,1.324,-2.781,-0.348,0.687,-1.743,-0.243,-1.777,0.128,-0.94,-1.304,-0.77,0.372,-1.047,-0.756692308,0.6505,-0.319851847,-1.68300775,1.960094784,13.84792838,-0.631421053,-0.131,-0.552,0.716,-0.737,-0.3415,-1.36,0.699,-0.278,0.103,-0.0105,-0.508,-1.12,-0.558,-0.019714286,0.281333333,0.834166667,0.28275,0.067857143,55.9,0.13,0.04,0.01,0.01,0.05,-0.6716,-0.887714286,-0.210076923,-0.037142857,0.458,-1.1405,-0.846333333,-0.895666667,-0.813777778,-0.64,46.921925,-110.454353
1,28,Nebraska,2,0,49.65,49.65,35,1.71,0.74,1.15,-1,-1.07,98.51,0.445,0.449485714,0.432,8,24.7,1896190,14,2.81,12,39.6,0.963,0.276,0.15,0.246,-0.33,-0.074,-0.143,-0.408,0.404,0.303,0.409,0.167,0.191,0.524,0.295,-0.265,-0.158,0.074,-0.025,0.096,-0.252,0.381,0.013,-0.071,1.528,-0.318,-0.192,1.334,-0.013,0.277,-0.406,-0.259,-0.55,-0.58,-0.417,-0.434,0.135,-0.297,-0.419,-0.67,0.126,-0.596,0.521,0.751,-0.712,-0.457,-0.734,-0.274,0.3,0.415,0.374,0.693,-0.474,1.128,0.125,0.098,0.225,0.977,0.772,-0.013,0.129,0.229,0.751,0.589,1.667,0.518,-0.537,1.593,1.964,0.568,0.065,0.177,-0.457,-0.358,-0.529,0.385,-0.048,0.29,0.091,0.179,0.604,0.696,0.044,0.772,0.758,-0.052,0.104,2.168,-0.737,-0.752,-0.62,-0.253,0.25,-0.17,-0.264,-0.069,0.126,-0.276615385,1.03625,-0.038806489,-1.330175936,3.206803244,14.45535717,-0.134157895,0.676,0.685,0.522,-0.076,0.6805,-0.436,-0.662,0.493,0.147,0.223,1.039,0.794,-0.488333333,0.714428571,0.578666667,0.891166667,0.6935,-0.089428571,73.1,0.2,0.1,0.05,0.02,0.12,-0.291,-0.398142857,0.165692308,0.216785714,0.4562,-0.261,-0.167444444,0.061166667,-0.276555556,0.21,41.12537,-98.268082
1,29,Nevada,4,0,33.61,33.61,52,-0.55,-1.41,-0.06,-0.83,0.94,102,0.468,0.473028571,0.448,9,26.3,2890845,16,4.65,-2,36.2,-0.704,0.038,0.027,0.237,-0.427,0.173,-0.186,-0.543,-0.471,0.383,0.345,-0.14,-0.547,-0.288,-0.689,-0.739,-1.022,-1.299,-0.541,0.052,-0.005,0.16,-2.182,0.104,-0.64,0.063,-0.239,-0.321,-0.361,-0.067,0.099,0.273,0.078,0.467,-0.308,0.977,-0.884,1.499,0.372,1.33,-0.058,-1.116,-0.89,2.292,-0.085,-0.544,0.586,-0.357,-1.294,-0.263,-0.729,-1.284,-1.005,-0.091,-0.733,-0.887,-0.745,-0.242,-0.945,0.346,0.508,-1.031,0.956,-0.54,-0.871,-0.505,0.64,-0.94,-0.806,-1.228,0.587,-1.498,1.436,-0.672,-0.42,0.787,0.04,-0.127,-0.019,-1.269,0.899,-0.415,0.737,-1.443,-0.667,-0.226,0.429,-1.39,1.3,-0.191,2.473,0.536,-0.02,-0.441,2.226,2.035,3.995,1.369538462,1.3415,-1.312243646,0.16935927,3.269568939,14.8770594,-0.174263158,-0.442,-0.027,0.31,-0.319,-0.2345,0.471,-0.588,0.285,1.506,-0.0045,-0.546,-0.981,-0.105,-0.768142857,-0.280333333,-0.4885,-0.73625,0.146428571,94.2,0.49,0.28,0.08,0.08,0.36,1.3046,0.423,-0.139615385,-0.549285714,-0.2066,-0.40725,-0.181666667,0.012666667,1.323666667,-0.06,38.313515,-117.055374
1,30,New Hampshire,1,0,36.97,45.43,43,-1.87,-0.05,-0.82,0.7,0.58,97.35,0.432,0.437757143,0.425,30,148.6,1330608,10,3.15,-1,37.4,0.025,-0.333,-0.985,0.013,-0.794,-0.065,-0.575,0.088,-0.428,-0.665,-0.473,-0.794,-1.301,-0.191,-0.681,-0.661,0.296,0.505,-0.259,-0.269,-0.772,-0.859,0.184,0.242,-0.922,0.829,0.852,0.19,-0.819,1.16,-1.01,0.847,-0.158,-0.861,-1.005,-1.517,-0.062,-1.351,-0.824,-1.166,1.219,0.095,1.058,-1.174,-0.727,-0.456,0.435,-0.279,0.612,-0.26,-0.576,-0.625,1.398,-1.659,-1.157,-1.234,-0.956,-0.856,0.433,-0.654,-0.682,0.937,-0.364,0.404,0.749,-0.224,-0.161,-0.636,-0.477,0.191,-1.566,1.394,-0.954,-0.559,-0.354,-0.83,0.587,0.061,-0.208,1.273,0.788,0.867,0.314,1.037,1.952,0.636,0.203,0.262,-0.772,0.265,-1.163,1.307,0.983,-0.779,-1.121,0.392,-0.948,-0.170307692,-0.8845,-0.37383796,-0.62451231,5.001258132,14.10114654,-0.292947368,-0.245,-0.764,0.613,0.42,-0.5045,0.185,1.258,-0.78,-0.228,0.5165,-0.47,0.523,-0.1,-0.749857143,-0.359,0.144333333,-0.1145,-0.322428571,60.3,0.09,0.03,0.01,0.03,0.06,-0.1288,-0.776,-0.483615385,-0.125571429,0.2382,-0.07275,0.034555556,0.271833333,-0.204,-0.28,43.452492,-71.563896
1,31,New Jersey,1,0,39.48,36.97,59,0.54,-0.17,-1.03,1.47,0.49,94.84,0.468,0.475242857,0.464,50,1210.1,8958013,40,1.46,-6,42.5,-1.034,0.275,-0.135,-0.469,0.507,0.145,1.253,0.914,-0.334,-0.426,-0.468,0.18,-0.536,-0.672,-0.871,0.701,-0.794,-0.459,0.411,0.05,0.238,-0.936,0.511,1.38,-0.292,0.033,-0.322,-0.233,0.041,0.775,0.334,0.747,0.386,2.832,-0.467,0.246,-0.964,1.547,-0.054,0.729,0.994,1.441,1.341,0.242,1.287,-0.45,-0.754,-0.291,-0.222,-0.728,-1.261,-0.241,0.157,-0.307,-0.456,-1.026,-0.961,-0.612,-0.373,0.06,-0.24,-0.742,-1.482,-1.183,-0.389,0.053,-0.298,-0.828,-0.711,-1.115,-0.901,-0.521,-0.939,-0.604,-0.277,-0.943,-0.923,-0.671,-0.442,-0.677,-0.371,1.271,-1.597,-0.679,-0.596,0.784,1.939,-0.908,0.825,0.4,0.862,0.866,2.344,0.738,-0.314,-0.394,0.403,0.661307692,-0.434,-1.04548873,0.786814944,7.09845828,16.008059,0.307526316,0.116,-0.325,0.017,1.145,-0.1045,0.422,-0.182,-0.7,-0.233,0.581,0.139,0.328,-0.498333333,-0.703857143,-0.308333333,-0.761833333,-0.812,-0.685571429,94.7,0.43,0.19,0.13,0.09,0.28,0.5796,0.687142857,-0.009846154,-0.188214286,0.1132,0.886,0.711666667,1.013333333,0.636666667,0.33,40.298904,-74.521011
1,32,New Mexico,4,0,45.43,39.48,51,0.15,-0.17,2.4,-0.2,0.14,97.66,0.44,0.441528571,0.464,6,17.2,2085109,15,3.35,-4,39.4,0.309,-0.358,3.152,0.316,0.576,0.457,0.083,0.109,0.571,0.05,-0.055,1.405,1.27,1.173,1.002,0.838,1.119,1.561,0.905,0.695,0.879,0.5,0.432,0.138,1.637,0.329,0.543,2.654,-0.511,-0.161,-0.846,0.348,-0.197,0.191,-0.391,0.558,1.247,0.689,-0.302,0.135,-0.291,-0.458,-0.218,0.464,-0.034,-0.362,-0.627,-0.269,-0.488,1.038,0.31,0.512,0.389,0.629,0.347,-0.146,-0.326,0.996,-0.03,-1.48,-0.515,-0.242,0.344,0.821,-0.819,-0.455,-0.194,-0.437,-0.075,-0.139,-0.169,-0.165,0.751,-0.315,-0.652,3.175,0.101,3.25,3.555,-0.15,0.604,-0.878,1.747,-0.569,-0.206,-0.82,-0.571,0.404,-0.605,0.02,-0.425,0.634,-0.612,-0.769,0.318,0.02,0.132,0.071,1.2545,-0.846216457,0.081151317,2.844909384,14.55033169,0.398315789,-0.841,-0.042,-0.598,-0.97,-0.4415,0.307,0.979,-0.472,-0.219,-0.784,-0.485,-0.989,-0.419333333,0.442,-0.171333333,-0.131333333,-0.137,1.409285714,77.4,0.61,0.48,0.02,0.01,0.49,-0.1358,0.131,0.606538462,1.019071429,1.0602,-0.291,-0.128666667,-0.116333333,-0.143,0.4,34.840515,-106.248482
1,33,New York,1,0,39.42,39.42,53,-0.31,-1.17,-0.67,1.55,1.32,93.76,0.455,0.457885714,0.499,44,420.1,19795791,47,1.32,-11,37.2,-1.381,-0.268,-0.837,-1.193,-0.511,-0.245,-0.059,-1.094,-1.407,-0.436,-0.961,-0.748,-0.533,-1.052,-1.016,0.179,-0.89,-1.287,-0.726,-0.669,-0.647,-1.3,1.119,0.522,-0.47,0.885,-0.276,-0.552,0.505,0.007,0.328,0.536,-0.336,1.342,-0.346,0.086,-0.941,1.229,0.158,1.28,0.201,1.093,0.797,0.01,1.225,-0.536,-0.804,-0.311,-1.636,-1.401,-1.685,-1.018,0.716,-0.506,-0.852,-1.158,-1.095,-1.412,-1.241,0.462,0.129,-0.84,-1.634,-1.768,-0.995,-0.448,-0.285,-0.869,-0.711,-1.054,-0.173,-0.859,-1.078,-0.718,-0.319,-1.126,-1.524,-0.79,-0.549,-0.36,-0.59,1.821,-1.255,-0.53,-0.606,1.64,1.855,-1.304,1.047,0.382,0.772,0.221,1.439,1.073,-0.01,-0.451,1.101,0.488384615,-0.19475,-0.850979938,0.257567224,6.040492778,16.8009799,-0.037263158,-0.668,-0.793,-0.864,0.662,-0.7305,-0.544,-0.39,-0.892,-0.415,-0.101,-1.07,-0.276,-0.550333333,-1.132,-0.730333333,-1.092333333,-0.69925,-0.872,87.9,0.44,0.19,0.15,0.08,0.27,0.4264,0.437142857,-0.744076923,-0.478714286,0.0218,0.7075,0.456,0.5555,0.619333333,0.06,42.165726,-74.948051
1,34,North Carolina,3,1,60.67,51.44,56,-0.39,0.98,1.65,-0.06,-0.18,95,0.451,0.4575,0.464,36,206.6,10042802,42,2.91,3,38.2,-0.084,0.686,0.555,0.218,1.136,0.601,0.629,1.144,0.518,0.3,0.2,0.59,1.31,0.231,1.134,1.033,0.484,0.713,1.649,0.893,0.454,0.654,-0.31,-0.026,1.213,0.111,-0.264,-0.366,0.973,-0.178,0.519,-0.395,0.225,0.491,0.952,1.262,-0.14,0.489,0.074,0.353,-0.179,-0.067,-0.079,-0.735,0.946,0.715,1.375,-0.239,0.221,-0.322,0.542,0.017,-0.188,0.053,-0.052,1.017,1.207,0.642,0.235,0.182,3.884,-0.461,-0.45,-0.25,1.312,-0.527,-0.327,0.018,-0.515,0.019,0.547,0.214,0.87,1.072,0.648,-0.372,0.942,-0.583,-0.418,-0.632,-0.327,-0.258,-0.371,0.054,-0.112,0.313,0.022,-0.799,-0.113,0.531,0.492,-0.164,-0.285,1.017,0.051,-0.733,0.141,-0.053384615,-0.31575,0.103304017,0.522191084,5.330784557,16.12236672,0.601473684,0.784,0.59,-0.269,-0.182,0.687,0.768,0.41,0.749,0.228,-0.2255,-0.123,0.362,0.617,0.065142857,0.353,-0.059666667,0.06625,0.308428571,66.1,0.36,0.09,0.21,0.03,0.12,0.0112,0.287285714,0.600230769,0.544928571,0.1336,0.4185,0.359444444,-0.048666667,0.104111111,0.3,35.630066,-79.806419
1,35,North Dakota,2,0,51.44,60.67,37,3.08,1.6,0.13,-0.84,-3.12,102.15,0.461,0.463642857,0.433,4,11,756927,4,5.35,10,38.3,1.451,1.02,0.495,0.946,0.445,-0.07,0.621,-0.019,0.993,0.455,0.678,0.936,1.631,0.37,1.18,0.589,0.883,1.134,-0.314,0.733,0.228,0.53,-0.599,-0.426,-0.215,0.831,-0.748,0.376,-0.269,-0.05,-1.066,0.294,0.195,-1.114,-0.887,-0.953,1.922,-1.124,-0.638,-0.965,-0.048,-0.977,1.366,0.39,0.015,-0.431,-0.987,-0.286,0.772,-0.045,-0.723,0.906,0.164,-1.659,-0.207,-0.178,0.106,1.067,1.178,-0.61,-0.809,1.78,1.302,0.598,1.484,5.677,-0.629,0.245,2.555,1.415,-0.07,1.01,-0.088,-0.522,-0.638,1.394,0.205,-0.351,-0.254,0.35,-0.234,0.474,0.784,0.828,0.089,-2.781,-0.028,1.773,-1.326,-1.183,-1.39,0.198,0.471,-1.111,-0.053,-0.449,-0.499,-0.339153846,0.868,0.836086121,-1.15376003,2.397895273,13.53702209,0.009210526,0.688,0.442,1.222,-0.298,0.565,-0.948,-0.853,-0.013,0.334,0.462,0.587,0.294,-0.568,-0.019,0.545,1.847666667,1.2275,-0.036285714,59.9,0.13,0.03,0.02,0.01,0.04,-0.5208,-0.398571429,0.737076923,0.355571429,-0.0364,-0.32025,-0.167666667,0.116,-0.593555556,0.02,47.528912,-99.784012
1,36,Ohio,2,0,52.3,52.3,45,-0.05,0.04,-0.56,1.1,0.12,95.39,0.449,0.454071429,0.452,41,284.2,11613423,44,1.72,1,35.1,0.317,0.493,0.255,0.221,0.541,0.306,0.759,0.759,0.592,0.229,0.616,0.347,0.106,0.425,0.364,0.617,0.868,0.503,0.573,0.326,-0.22,0.413,-0.345,0.462,0.69,0.1,0.137,1.084,0.279,0.771,0.534,0.469,0.12,-0.502,-0.18,-0.245,0.537,-0.722,-0.163,-0.415,0.805,0.613,0.284,-0.304,0.079,-0.473,-0.494,-0.222,0.009,0.708,-0.194,0.396,0.447,0.634,-0.295,0.003,0.214,-0.767,0.83,1.1,-0.497,0.052,-0.714,-0.209,0.371,-0.514,-0.547,-0.028,-0.357,0.367,0.424,0.217,-0.397,-0.578,-0.36,0.121,-0.052,-0.55,-0.25,0.638,0.422,0.153,0.239,0.136,0.301,0.091,-0.087,1.014,-0.35,0.201,0.327,-0.329,0.429,0.107,-0.178,-0.132,-0.092,0.026076923,-0.32,0.171580573,-0.448096403,5.649678216,16.26767214,0.164736842,1.134,0.292,0.825,0.683,0.713,-0.215,0.091,0.496,0.354,0.754,0.129,0.068,-0.396333333,0.323714286,0.387666667,-0.173666667,0.16275,-0.295142857,77.9,0.2,0.04,0.12,0.02,0.06,0.1294,-0.087285714,0.426230769,0.395357143,0.4946,0.4355,0.319444444,0.374666667,-0.001888889,0.14,40.388783,-82.764915
1,37,Oklahoma,3,1,75.03,75.03,42,-0.014,0.86,1.16,-0.15,-0.46,98.03,0.457,0.457642857,0.454,16,57,3911338,23,2.91,19,39.4,0.309,-0.031,0.416,0.871,-0.018,1.122,-1.087,-0.559,0.238,1.326,0.521,0.489,0.142,1.109,0.52,0.448,0.753,0.366,0.092,0.246,0.303,0.64,-0.551,0.43,0.436,-0.395,-0.203,-0.563,0.921,0.598,-0.019,-0.116,0.075,-0.033,0.656,-0.036,-0.197,0.244,-0.045,1.185,0.547,-0.511,-1.199,0.264,-0.538,-0.184,-0.075,-0.031,1.032,0.686,1.367,-0.941,-0.848,-0.045,0.405,1.318,1.161,0.022,-0.147,-0.701,-0.309,-0.149,1.964,0.489,0.847,-0.401,1.255,3.253,-0.334,0.741,0.239,-0.003,0.571,0.414,-0.167,1.578,1.051,-0.19,-0.448,-0.919,0.371,-0.545,0.79,-0.234,-0.267,0.02,-0.566,-0.477,1.281,-0.266,-0.216,-0.391,-1.059,-0.338,2.048,0.184,-0.147,0.202384615,2.06225,1.976145821,-0.712720263,4.043051268,15.17939007,0.067894737,0.341,0.463,0.025,0.049,0.402,0.807,0.756,1.106,0.794,0.037,-0.635,-1.558,-0.096666667,0.330428571,-0.275333333,1.0005,0.16075,0.401285714,66.2,0.33,0.1,0.07,0.02,0.12,0.1382,0.172857143,0.287615385,0.228642857,-0.059,0.1175,0.035777778,-0.139833333,0.121777778,0.25,35.565342,-96.928917
1,38,Oregon,4,0,30.07,30.07,33,-1.1,0.42,-0.31,-1.27,1.26,97.98,0.423,0.418714286,0.449,12,42,4028977,24,3.49,-5,36.2,-2.095,-3.51,-2.091,-3.932,-2.624,-3.534,-2.498,-2.471,-2.191,-3.802,-3.432,-2.282,-1.917,-3.193,-2.179,-2.484,-3.203,-2.471,-3.409,-3.383,-1.799,-3.378,-1.451,-4.06,-2.423,-3.226,-2.065,-1.874,-2.802,-3.285,-2.195,-3.48,-3.443,-2.179,-1.806,-2.154,-2.053,-2.336,-1.046,-2.214,-2.99,-0.457,-2.39,0.798,-3.141,-0.906,-0.652,-0.393,-2.889,-1.924,-1.196,-1.47,-0.042,-0.473,-1.014,-0.947,-1.166,-1.347,-2.896,-2.449,-0.808,-1.322,-1.564,-0.893,-1.852,-0.795,0.114,-1.08,-0.7,-2.067,-2.646,-2.397,-1.731,-0.743,-1.37,-1.234,-4.34,-0.613,-0.552,-0.832,-1.09,-2.995,-1.55,-0.777,-0.34,-0.843,-2.335,-1.683,-1.421,-2.432,-1.574,-2.287,-1.721,-1.526,-0.885,-1.763,-1.37,-1.683692308,-1.7165,-1.593289003,-1.506591843,3.737669618,15.20902306,-2.736157895,-3.325,-3.304,-3.641,-4.132,-3.3145,-2.834,-3.34,-2.414,-3.576,-3.8865,-1.625,-2.152,-0.650333333,-1.243857143,-2.230666667,-1.251,-1.9525,-1.511857143,81,0.23,0.13,0.02,0.04,0.17,-1.675,-2.209428571,-2.798384615,-2.609857143,-2.7296,-2.42125,-2.500555556,-1.910833333,-1.664333333,-2.25,44.572021,-122.070938
1,39,Pennsylvania,1,0,52.75,52.75,52,0.6,-0.21,-0.19,1.22,0.09,95.06,0.433,0.448842857,0.461,42,286.1,12802503,45,1.84,-1,39.3,-0.205,0.29,-0.219,0.345,-0.027,0.354,0.629,0.32,0.038,0.045,0.166,0.054,0.273,0.33,-0.044,0.585,0.743,0.093,0.473,0.104,-0.278,0.006,0.329,1.325,-0.104,0.498,0.909,0.741,0.37,1.304,0.284,1.45,0.434,1.007,-0.104,0.092,0.752,0.107,0.342,0.481,1.413,2.089,1.338,0.041,0.938,-0.37,-0.669,-0.266,-0.094,0.129,-0.498,0.426,0.954,0.296,-0.307,-0.421,-0.352,-1.104,0.73,0.963,-0.673,0.299,-1.006,-0.493,0.366,-0.101,-0.448,-0.651,-0.404,0.404,0.161,1.012,-0.737,-0.504,-0.048,-0.914,0.121,-0.51,-0.536,0.567,0.149,1.008,0.277,0.184,0.265,0.64,1.064,1.255,0.181,0.165,0.258,-0.334,1.318,0.343,-0.191,-0.036,-0.306,0.207846154,0.214,0.207306677,0.16935927,5.6563414,16.36515126,0.346315789,1.051,-0.033,0.774,1.18,0.509,0.239,0.766,-0.147,0.198,0.977,0.093,0.388,-0.435,0.125714286,0.196333333,-0.264333333,0.29325,-0.446857143,78.7,0.22,0.07,0.11,0.03,0.1,0.3028,0.486714286,0.158692308,0.313214286,0.6738,1.17525,0.987777778,1.187166667,0.155333333,0.3,40.590752,-77.209755
1,40,Rhode Island,1,0,43.23,43.23,48,-0.61,-0.84,-1.55,1.61,0.04,93.43,0.442,0.441628571,0.467,49,1021.6,1056298,8,3.12,-11,40.7,-0.494,0.129,-0.798,-0.633,-0.302,0.321,0.131,0.523,-0.477,-0.139,-0.079,-0.589,-0.971,-0.235,-0.631,0.195,0.415,0.083,0.027,-0.199,-0.417,-0.71,1.137,0.844,-0.753,2.137,0.879,-0.14,-0.363,1.583,0.002,1.415,0.919,1.28,-0.135,-0.353,1.183,0.02,6.465,0.45,1.725,1.214,1.603,-0.972,0.433,-0.479,-0.618,-0.3,0.223,-0.611,-1.413,-0.191,2.517,-1.659,-0.95,-1.382,-1.06,-1.037,-0.017,-1.363,-0.351,-0.449,-1.16,-0.969,-0.673,2.529,-0.376,-0.843,-0.541,-0.127,-0.587,0.715,-0.951,-0.588,0.821,-0.966,-0.519,-0.244,0.271,1.172,1.285,1.449,0.483,1.858,0.099,0.346,0.051,0.099,-0.139,-0.254,0.202,-0.01,0.693,-0.126,-0.807,0.103,1.395,0.444153846,-0.03975,-0.548498917,-0.183472543,6.929125305,13.8702809,0.577421053,-0.317,-0.417,0.599,1.636,-0.367,0.72,1.246,-0.715,-0.066,1.1175,-0.228,0.301,-0.465666667,-0.872428571,-0.805666667,-0.260833333,-0.135,-0.310857143,90.7,0.26,0.14,0.06,0.03,0.17,-0.0126,1.474142857,-0.259846154,0.127714286,0.5934,0.71675,0.791333333,0.931,0.117444444,0.12,41.680893,-71.51178
1,41,South Carolina,3,1,61.39,51.14,70,-0.07,0.36,0.66,0.53,0.09,94.73,0.466,0.468014286,0.461,32,162.9,4896146,28,3.6,8,39.8,0.042,1.234,-0.241,0.443,1.697,0.595,0.025,1.533,0.961,0.666,0.72,0.978,1.671,0.19,1.013,0.985,0.137,0.549,1.405,1.384,0.807,0.718,0.317,0.084,1.54,0.454,0.132,0.491,1.246,0.369,1.045,-0.189,0.881,0.206,1.52,1.632,-0.166,0.289,0.451,1.016,0.169,-0.507,-0.013,-0.192,0.672,3.197,1.794,-0.192,0.805,0.371,0.746,-0.219,-0.408,0.348,0.761,1.546,1.502,1.784,0.249,1.232,0.566,-0.507,0.024,0.093,0.972,-0.445,-0.264,-0.307,-0.667,0.233,0.919,0.144,1.574,0.541,0.792,0.804,1.039,-0.491,-0.588,-1.033,0.029,-0.606,-0.132,-0.6,-0.536,-0.114,0.876,-0.594,0.001,-0.039,0.649,0.473,-0.416,1.085,0.008,0.703,-0.017,0.017461538,1.2355,0.079486614,1.75710243,5.093136516,15.40395892,0.567105263,0.968,0.776,0.034,0.354,0.872,0.75,-0.021,1.418,0.976,0.194,-0.087,0.196,1.599666667,0.422714286,1.088333333,-0.028333333,0.15725,0.524428571,66.3,0.36,0.05,0.27,0.02,0.07,0.181,0.531714286,0.794153846,0.723,0.5402,0.445,0.544333333,0.083,0.271888889,0.44,33.856892,-80.945007
1,42,South Dakota,2,0,51.14,61.39,36,0.97,0.19,0.65,-1.68,-0.61,100.14,0.444,0.440042857,0.442,5,11.3,858469,5,3.35,10,38.8,1.915,1.239,1.153,0.646,1.786,0.39,2.187,1.285,1.689,0.31,1.308,1.825,1.498,1.651,1.467,0.825,1.116,0.895,0.544,1.539,1.188,1.82,-0.406,-0.496,1.081,0.044,0.913,1.223,-0.306,0.485,0.232,0.131,1.046,-0.305,-1.034,-0.621,1.929,-1.385,-0.765,-1.138,0.62,-1.359,1.758,-0.676,-0.56,0.712,-0.879,-0.314,2.128,1.351,1.422,2.25,-1.222,2.003,0.179,0.366,-0.403,1.703,1.323,-0.479,-0.843,2.142,1.742,1.333,1.802,0.958,-0.437,0.621,4.811,1.918,-0.494,1.327,-0.566,-0.296,-0.848,0.746,-0.576,0.037,-0.252,1.846,-1.02,-0.532,-0.242,0.639,-0.555,-0.483,0.229,1.753,-1.853,-0.792,-0.938,-0.791,-0.556,-1.147,-0.328,-0.662,-0.878,-0.299692308,0.009,0.893247889,-1.241967983,2.424802726,13.66290585,0.464842105,0.529,0.956,0.782,0.171,0.7425,-0.057,-0.163,0.056,-0.13,0.4765,1.977,0.742,-0.160333333,1.332,0.849,1.433,1.8905,-0.250714286,56.7,0.17,0.04,0.02,0.01,0.05,-0.6552,-0.055142857,1.325461538,0.992857143,0.553,-0.435,-0.098444444,0.044666667,-0.882777778,0.55,44.299782,-99.438828
1,43,Tennessee,3,1,68.81,68.81,56,-0.19,1.08,0.72,0.11,0.19,95.11,0.486,0.4899,0.468,31,160.1,6600299,34,2.81,12,36.6,-0.189,0.324,-0.299,0.773,-0.451,0.315,-0.801,-0.272,0.215,0.743,0.611,-0.319,-0.309,0.101,0.333,-0.249,0.054,-0.756,0.525,-0.081,0.473,0.521,-0.579,0.025,-0.063,0.001,-0.579,-0.632,1.241,0.448,0.455,-0.05,0.729,-0.002,1.779,0.257,0.192,0.001,0.087,0.728,0.431,-0.023,-0.57,0.062,0.278,1.53,1.091,0.031,-0.07,-0.097,1.83,0.331,-0.873,0.419,-0.03,1.892,1.88,-0.082,0.147,1.399,0.896,0.257,0.265,0.199,-0.379,0.096,-0.471,0.754,-0.394,1.627,0.12,0.673,0.325,0.71,0.151,-0.516,1.123,-0.737,-0.626,-0.735,-0.22,-0.629,0.821,0.098,-0.099,-0.117,-0.314,-0.35,0.573,-0.025,0.416,0.364,-0.784,0.507,0.184,0.598,0.22,0.078923077,0.579,1.482331661,0.522191084,5.07579862,15.70262551,0.072052632,0.577,0.343,0.109,-0.121,0.46,0.085,0.312,1.378,0.982,-0.006,-0.597,-0.838,0.884,0.570714286,0.488,0.198666667,0.5065,0.061428571,66.4,0.25,0.05,0.17,0.02,0.07,0.0778,0.312857143,0.026230769,-0.0665,-0.2496,0.486,0.421222222,0.104333333,0.228111111,0.28,35.747845,-86.692345
1,44,Texas,3,1,67.54,67.54,58,0.42,0.12,0.42,-0.17,0.4,98.41,0.458,0.464071429,0.469,25,105.2,27469114,49,2.03,10,38.6,-0.95,-0.807,-0.487,-0.432,-0.547,-0.307,-0.204,-0.828,-0.687,0.484,-0.767,-0.233,-0.349,-0.324,-0.453,-0.063,-0.764,-0.626,-0.208,-0.289,-0.271,-0.294,-1.435,-0.327,-0.618,-1.429,-1.22,-1.082,0.396,-0.606,0.721,-0.846,-0.78,0.245,0.529,1.306,-0.887,1.431,0.24,1.104,-0.501,-0.661,-1.129,0.709,0.284,-0.312,-0.463,0.43,-0.781,-0.09,-0.041,-0.701,-1.727,0.44,1.418,0.578,0.117,-0.487,-0.886,0.483,0.295,-1.092,0.316,-0.483,-0.809,-0.404,-0.434,0.154,-0.602,-0.748,1.105,-1.23,0.409,0.181,-0.247,-0.041,0.108,1.396,4.223,-1.05,-0.876,-0.082,-1.615,-1.48,-1.046,-0.282,-1.561,-0.355,0.864,-0.427,0.515,-0.512,-0.244,0.674,0.78,-0.583,1.456,0.264,0.31125,1.381504654,0.69860699,4.6558633,17.1285728,-0.092631579,-0.875,0.404,-1.288,-0.44,-0.2355,0.822,0.202,0.094,-0.036,-0.864,-0.712,-1.086,-0.115,0.178428571,-0.296666667,-0.386333333,-0.36875,0.861285714,84.7,0.57,0.39,0.12,0.04,0.43,0.0082,0.296285714,-0.470307692,-0.648285714,-0.9352,-0.14675,-0.136444444,-0.317333333,0.280333333,-0.16,31.054487,-97.563461
1,45,Utah,4,0,49.69,49.69,61,0.89,1.36,1.36,-2.52,0.28,100.93,0.455,0.459642857,0.419,11,36.5,2995919,20,3.12,22,34.3,1.168,0.596,0.963,0.469,-0.56,0.771,-0.781,-0.625,-0.539,0.402,1.888,-0.724,0.488,1.098,-0.027,0.653,0.897,1.71,0.428,0.287,-0.984,1.184,1.408,-0.018,-0.287,1.15,2.224,0.911,-0.756,-0.471,-1.625,0.113,0.638,-0.814,1.395,-0.838,-0.312,-1.396,-0.073,-1.159,-0.676,-1.395,-1.73,-0.147,-1.175,-0.403,-0.252,-0.366,0.089,0.02,1.484,-0.396,-0.415,-0.547,0.022,-1.378,-1.214,-0.766,-0.776,-1.283,-0.781,0.239,1.507,0.857,-1.137,-0.271,0.504,-0.771,-0.133,-0.534,-1.62,-0.826,-0.732,-0.817,-0.542,0.234,-0.077,0.124,-0.045,-1.151,-0.238,0.198,0.59,-0.347,0.439,-0.365,-0.91,-1.772,0.186,-0.801,-0.674,1.633,0.61,-1.336,-0.246,-0.235,-0.714,-0.259615385,0.649,-0.035630835,0.96323085,3.597312261,14.91276159,0.209263158,-0.079,0.408,2.293,0.591,0.1645,1.485,0.447,0.121,0.438,1.442,1.333,0.659,-0.340333333,-0.366714286,-0.941666667,0.070666667,-0.77825,-0.265,90.6,0.21,0.14,0.01,0.02,0.16,-0.2692,-0.677285714,0.270461538,0.760857143,0.796,-0.94925,-0.614777778,-0.932333333,-0.175222222,-0.02,40.150032,-111.862434
1,46,Vermont,1,0,37.23,37.23,42,-1.22,0.55,-0.66,0.43,0.99,97.06,0.425,0.432171429,0.444,20,67.9,626042,2,3.65,-16,30.5,0.033,-0.802,-0.79,-1.005,-1.088,-0.791,-0.777,-0.881,-0.913,-1.171,-0.768,-1.439,-1.425,-0.941,-1.062,-1.747,-1.146,-1.043,-1.093,-1.047,-1.525,-1.07,0.98,-0.242,-0.798,0.369,3.334,0.057,-0.649,0.365,-0.944,0.553,0.364,0.752,-1.099,-1.448,0.51,-0.814,-0.695,-1.214,0.507,0.167,0.008,-1.541,-1.478,-0.402,-0.195,-0.267,-0.945,-1.84,-0.609,-0.38,2.645,-1.659,-0.952,-1.365,-1.354,-0.931,0.106,-1.157,-0.498,0.944,-0.458,-0.167,0.762,0.696,0.015,-0.68,-0.358,-0.228,-0.895,0.964,-1.163,-0.478,-0.583,-1.046,-1.299,-0.022,0.262,0.569,1.486,0.111,1.463,3.168,0.764,0.78,-0.775,-0.599,-1.267,-0.324,-1.272,0.003,0.198,-1.05,-1.45,-0.084,-1.622,-0.910769231,-1.101,-1.024846981,-0.712720263,4.218036035,13.34717274,-0.439473684,-1.026,-1.215,-0.375,0.102,-1.1205,-1.07,1.099,-1.436,-1.599,-0.1365,-0.885,1.17,-0.288,-1.057714286,-0.660666667,0.182833333,-0.12925,-0.618428571,38.9,0.07,0.02,0.01,0.02,0.04,-0.5864,-0.291571429,-0.909,-0.480857143,0.544,-0.39875,-0.341555556,-0.328666667,-0.763111111,-0.66,44.045876,-72.710686
1,47,Virginia,3,1,57.37,57.37,60,-1.16,-0.8,-0.58,0.18,0.71,96.34,0.472,0.473157143,0.459,37,212.3,8382993,39,3.19,0,42.8,-1.962,-2.426,-1.59,-2.982,-1.51,-2.105,-1.048,-1.483,-1.438,-2.362,-2.455,-1.233,-0.838,-2.207,-1.037,-0.926,-1.783,-1.14,-1.495,-1.87,-0.85,-2.104,-1.435,-1.605,-1.129,-1.994,-1.778,-1.855,-1.354,-1.573,-0.925,-2.68,-2.829,-0.708,-0.957,-0.837,-2.335,-1.266,-0.768,-0.827,-1.365,0.166,-1.22,-0.703,-1.172,-0.555,-0.398,-0.272,0.303,-1.453,-0.721,-2.098,-1.382,-0.407,-0.964,-0.394,-0.922,-0.561,-0.88,-0.332,-0.285,-1.317,-1.728,-1.747,-0.865,-0.776,-0.488,-0.767,-0.132,-1.971,-1.326,-1.846,0.087,0.582,3.075,0.182,-0.671,-0.637,-0.717,-0.477,-2.296,-1.751,-2.236,-1.582,-1.258,-0.142,-0.913,-0.998,-1.245,-0.586,2.387,-2.473,-1.579,-0.426,-0.782,-2.014,-1.154,-0.815,-1.59825,0.574094686,0.875022897,5.358000369,15.94171557,-1.776631579,-1.301,-1.838,-2.369,-2.033,-1.5695,-1.314,-1.609,-1.425,-2.318,-2.201,-1.282,-1.145,-0.408333333,-1.005,-0.591,-1.2,-1.31875,0.271571429,75.5,0.37,0.09,0.19,0.06,0.15,-0.5148,-1.379714286,-1.802461538,-1.543071429,-1.6722,-0.98325,-1.221333333,-0.977833333,-0.874666667,-1.16,37.769337,-78.169968
1,48,Washington,4,0,31.06,31.06,37,-1.37,0.19,-0.07,-1.1,1.2,99.26,0.452,0.458114286,0.441,27,107.9,7170351,38,3.16,-5,37.7,-0.56,-0.936,-1.04,-0.182,-1.246,-0.87,-1.494,-1.391,-1.448,-0.775,-0.749,-1.587,-1.123,-0.555,-1.432,-1.361,-0.612,-0.417,-1.028,-1.574,-1.312,-0.578,0.663,-0.875,-1.237,-0.118,0.381,-0.395,-1.096,-1.186,-1.202,-0.219,-0.875,-1.211,-0.675,-0.643,-1.252,-0.017,-0.187,-0.601,-1.179,0.207,-0.999,1.242,-0.846,-0.576,-0.948,-0.365,-1.426,-1.066,-0.757,-1.124,0.322,0.057,-1.081,-0.426,-0.423,-0.711,-0.875,-0.356,4.435,-0.563,-0.54,0.172,-1.435,-0.358,0.859,-0.877,-0.442,-0.761,-0.763,-1.195,0.007,0.029,0.339,-0.689,-0.386,0.007,0.216,0.477,0.182,-0.222,0.661,1.06,2.412,0.398,-0.748,-0.801,0.271,-0.204,-0.736,-0.296,0.193,-0.512,-0.342,-0.022,-0.348,-0.176384615,-0.49575,-1.514691573,-1.15376003,4.681204872,15.78546517,-0.713368421,-1.285,-1.097,-0.105,-0.874,-1.191,0.019,0.176,-0.909,-0.556,-0.4895,-0.746,-0.613,-0.629666667,-0.742571429,-0.647333333,-0.600166667,-0.79025,-0.068142857,84.1,0.3,0.12,0.04,0.08,0.2,-0.2222,-0.763571429,-1.030846154,-0.683928571,-0.4488,-0.73025,-0.737333333,-0.460166667,-0.221777778,-0.53,47.400902,-121.490494
1,49,West Virginia,3,1,52.48,52.48,48,0.06,-0.15,-0.41,2.36,0.15,97.25,0.471,0.478814286,0.451,22,76.7,1844128,13,2.62,13,37.5,1.25,0.946,1.404,1.384,0.891,2.424,0.449,0.769,1.961,2.191,2.254,1.466,0.934,1.977,1.806,1.376,1.011,0.784,1.067,1.607,1.143,1.694,1.329,2.559,2.908,0.141,0.967,1.772,1.449,3.1,1.489,2.987,1.996,-0.412,1.313,-0.064,2.287,-0.441,-0.165,1.18,2.987,0.658,-0.104,0.881,1.274,-0.05,0.828,-0.214,1.157,0.686,0.848,1.034,0.188,1.643,0.88,1.216,2.441,0.471,1.895,1.476,-0.58,1.04,-0.086,0.84,0.809,0.12,-0.226,-0.126,-0.026,2.563,0.055,2.06,0.611,-0.225,-0.185,-0.662,1.46,-0.62,-0.62,0.402,2.215,0.669,2.788,0.57,-0.96,-0.555,1.031,1.308,0.52,-0.076,-0.252,0.774,0.508,-0.284,0.594,0.875,-0.206,0.223769231,1.26675,0.185871014,-0.183472543,4.339901708,14.4275171,0.914,2.752,1.65,1.61,1.45,2.201,0.511,1.698,2.387,2.215,1.53,1.106,-0.396,0.188,1.087857143,1.280666667,0.432833333,1.163,-0.034428571,48.7,0.08,0.02,0.04,0.01,0.03,0.3298,0.847714286,1.409461538,1.398714286,1.6694,1.62025,1.511111111,1.466,0.272555556,1.11,38.491226,-80.954453
1,50,Wisconsin,2,0,46.91,46.91,46,2.14,1.32,0.29,-0.45,-1.31,98.53,0.468,0.474514286,0.43,26,106.6,5771337,31,2.07,-2,41.9,0.642,0.093,-0.378,0.612,-0.266,-0.558,0.591,0.351,0.238,-0.262,0.138,-0.482,-0.406,0.323,-0.321,-0.346,0.275,-0.808,-0.198,-0.162,-0.52,-0.137,-0.198,-0.476,-0.928,-0.308,0.126,0.62,-0.476,-0.075,-0.907,-0.149,-0.237,-0.955,-0.888,-0.43,0.43,-0.474,-0.343,-0.965,-0.096,0.237,1.056,-0.256,-0.237,-0.473,-0.746,-0.279,0.826,0.433,0.791,0.545,0.526,0.409,-0.686,-0.501,-0.341,-0.255,-0.237,0.09,-0.349,0.325,0.509,-0.318,0.797,-0.38,-0.636,0.324,0.719,0.514,-0.675,0.643,-1.083,-0.747,-0.761,-1.045,-1.157,-0.194,0.053,0.489,0,-0.293,-0.38,1.343,0.862,-0.285,-0.345,1.01,-1.574,-0.387,-0.642,-0.718,-0.133,-0.767,-0.324,0.336,-0.74,-0.609846154,0.01825,-0.256338771,-0.35988845,4.669083512,15.56841433,-0.252210526,0.379,0.187,0.441,0.081,0.283,-0.865,-0.997,-0.207,-0.204,0.261,0.659,1.164,-0.499333333,0.285857143,-0.134,0.2095,0.30025,-0.704857143,70.2,0.18,0.07,0.06,0.03,0.1,-0.23,-0.493,0.024076923,-0.184428571,-0.1932,-0.13775,-0.117555556,0.104833333,-0.549888889,0.12,44.268543,-89.616508
1,51,Wyoming,4,0,51.94,51.94,35,-0.78,-1.44,-1.46,-0.59,-1.8,104.07,0.419,0.422214286,0.423,2,6,586107,1,4.5,22,39.2,1.554,-0.082,1.224,-0.106,-0.904,-0.354,0.568,-0.45,0.324,0.205,0.132,-0.454,-0.51,0.036,-0.015,-0.923,-0.733,0.52,-0.906,-0.509,-0.129,0.29,-1.414,-0.742,-0.519,0.261,-0.208,-1.447,-1.014,-0.038,0.133,-0.748,-0.541,-2.568,-0.548,-1.465,-0.167,-0.596,-0.78,-1.663,-0.521,-1.252,-0.364,-1.195,-1.57,-0.229,-0.828,-0.304,1.437,1.566,-0.457,0.322,1.243,-1.659,2.534,-0.326,-0.415,2.708,1.248,-1.458,-0.987,1.389,0.435,2.42,0.4,0.067,0.119,0.315,0.924,-0.467,0.447,0.111,-0.447,-0.383,-0.884,1.112,0.393,1.765,0.401,0.732,1.444,-1.346,1.704,0.412,-1.276,-2.781,-1.676,0.063,-1.705,-0.233,-1.409,-0.208,-1.753,-1.349,-0.227,-0.105,-1.173,-0.686307692,0.7225,0.142999689,-1.330175936,1.791759469,13.28125765,-0.711421053,-0.134,-0.521,0.272,-0.976,-0.3275,-1.769,-0.336,-0.087,-0.218,-0.352,1.026,0.126,-0.453666667,0.291857143,0.832666667,0.837666667,0.25375,0.279571429,64.8,0.16,0.1,0.01,0.01,0.11,-0.7454,-0.883142857,0.088230769,-0.406857143,-0.531,-0.9685,-0.835555556,-0.823333333,-0.906888889,-0.48,42.755966,-107.30249
