<?xml version="1.0" encoding="UTF-8"?>
<metadata>
	<idinfo>
		<citation>
			<citeinfo Sync="TRUE">
				<origin>TechniGraphics, Inc.</origin>
				<pubdate>20071130</pubdate>
				<title>HSIP New Jersey Colleges and Universities, NAD83 NJ State Plane feet</title>
				<edition Sync="TRUE">4th Quarter</edition>
				<geoform Sync="TRUE">vector digital data</geoform>
				<onlink>https://njgin.state.nj.us/oit/gis/download/hsip_colleges.zip</onlink><ftname Sync="TRUE">2007_11_30_NJ_COLL_UNIV_njsp</ftname><onlink>https://njgin.state.nj.us/NJ_NJGINExplorer/DataDownloads.jsp</onlink><pubinfo><pubplace>Trenton, NJ</pubplace><publish>NJ Office of Information Technology (NJOIT), Office of Geographic Information Systems (OGIS)</publish></pubinfo></citeinfo>
		</citation>
		<descript Sync="TRUE">
			<abstract>
Colleges and Universities in New Jersey 

The Colleges and Universities dataset is composed of any type of Post Secondary Education such as: colleges, universities, technical schools, trade schools, business schools, satellite (branch) campuses, etc. that grant First Professional, Associate, Bachelors, Masters, or Doctoral degrees.

Secondary education facilities, Administrative offices, or Post Secondary Education facilities that are non degree granting schools are intended to be excluded from this dataset, but a few may be included.

All data is non license restricted data that has been added from TGS research. 

The text fields in this dataset have been set to all upper case to facilitate consistent database engine search results.

All diacritics (e.g. the German umlaut or the Spanish tilde) have been replaced with their closest equivalent English character to facilitate use with database systems that may not support diacritics. 

The currentness of this dataset is indicated by the [CONTDATE] attribute. Based upon this attribute, the oldest record dates from 2007/07/03 and the newest record dates from 2007/10/12.
</abstract>
			<purpose>
Homeland Security 

Use Cases: Use cases help define and clarify requirements, and describe how the data may be used. 

1) Identification of populations that may need to be evacuated in the event of an emergency. 

2) Notification of groups of people who may be at risk from a contagious disease outbreak.
</purpose>
			<langdata Sync="TRUE">en</langdata></descript>
		<timeperd Sync="TRUE">
			<timeinfo Sync="TRUE">
				<rngdates Sync="TRUE">
					<begdate Sync="TRUE">20070703</begdate>
					<enddate Sync="TRUE">20071012</enddate>
				</rngdates>
			</timeinfo>
			<current Sync="TRUE">ground condition</current>
		</timeperd>
		<status>
			<progress Sync="TRUE">In work</progress>
			<update Sync="TRUE">Unknown</update>
		</status>
		<spdom Sync="TRUE">
			<bounding Sync="TRUE">
				<westbc Sync="TRUE">-75.488928</westbc>
				<eastbc Sync="TRUE">-73.997791</eastbc>
				<northbc Sync="TRUE">41.083084</northbc>
				<southbc Sync="TRUE">39.438172</southbc>
			</bounding>
			<lboundng><leftbc Sync="TRUE">219498.722492</leftbc><rightbc Sync="TRUE">630565.963577</rightbc><bottombc Sync="TRUE">221738.458568</bottombc><topbc Sync="TRUE">819465.261819</topbc></lboundng></spdom>
		<keywords Sync="TRUE">
			<theme>
				<themekt>LCSH - Library of Congress subject headings (Washington, DC: LC, Cataloging Distribution Service)</themekt>
				<themekey>Universities and colleges</themekey>
				<themekey>Community colleges</themekey>
				<themekey>Junior colleges</themekey>
				<themekey>Cooking schools</themekey>
				<themekey>Business schools</themekey>
				<themekey>Medical colleges</themekey>
				<themekey>Trade schools</themekey>
				<themekey>Law schools</themekey>
				<themekey>Dental schools</themekey>
				<themekey>Military education</themekey>
				<themekey>Sports camps</themekey>
				<themekey>Conservatories of music</themekey>
				<themekey>Art Study and teaching</themekey>
				<themekey>Massage therapy</themekey>
				<themekey>Aviation technician training course.</themekey>
				<themekey>Theological seminaries</themekey>
				<themekey>Executives Training of</themekey>
				<themekey>Bible colleges</themekey>
				<themekey>Technical institutes</themekey>
				<themekey>Church and college</themekey>
				<themekey>Health occupations schools</themekey>
				<themekey>Islamic universities and colleges</themekey>
				<themekey>Private universities and colleges</themekey>
				<themekey>Public universities and colleges</themekey>
				<themekey>Universities and colleges Religion</themekey>
			</theme>
			<theme>
				<themekt Sync="TRUE">ISO 19115 Topic Category</themekt>
				<themekey>structure</themekey>
			</theme>
			<place>
				<placekt>LCSH - Library of Congress subject headings (Washington, DC: LC, Cataloging Distribution Service) http://authorities.loc.gov/</placekt>
				<placekey>New Jersey</placekey>
			</place>
		</keywords>
		<accconst>None</accconst>
		<useconst>None

See Purpose and Data Quality sections for conditions that limit appropriate uses. </useconst>
		<ptcontac>
			<cntinfo>
				<cntperp>
					<cntper>Mike Thompson</cntper>
					<cntorg Sync="TRUE">TechniGraphics, Inc.</cntorg>
				</cntperp>
				<cntpos>Director of Geospatial Datasets</cntpos>
				<cntaddr>
					<addrtype Sync="TRUE">Mailing and Physical Address</addrtype>
					<address>2000 Noble Drive</address>
					<city>Wooster</city>
					<state>OH</state>
					<postal Sync="TRUE">44691</postal>
					<country Sync="TRUE">USA</country>
				</cntaddr>
				<cntvoice>330-263-6222</cntvoice>
				<cntfax>330-263-6294</cntfax>
				<cntemail>mthompson@tgstech.com</cntemail>
				<hours Sync="TRUE">8am - 5pm, Monday - Friday, Eastern Time</hours>
			</cntinfo>
		</ptcontac>
		<secinfo Sync="TRUE">
			<secsys Sync="TRUE">DOD</secsys>
			<secclass>Unclassified</secclass>
			<sechandl Sync="TRUE">Unclassified</sechandl>
		</secinfo>
		<native Sync="TRUE">Microsoft Windows XP Version 5.1 (Build 2600) Service Pack 3; ESRI ArcCatalog 9.2.4.1420</native>
		<natvform Sync="TRUE">Shapefile</natvform><browse><browsen>hsip_colleges_tn.jpg</browsen><browsed>Small, low resolution map of college and university locations in NJ</browsed><browset>JPEG</browset></browse></idinfo>
	<dataqual Sync="TRUE">
		<attracc Sync="TRUE">
			<attraccr>
For entities that were contacted, the name, address, city, state, and five (5) digit zip codes were verified to be correct as of the date indicated by the [CONTDATE] attribute. The existence of the entity was also verified, as well as whether or not it met the criteria for inclusion in this dataset. Four (4) digit zip code extensions were derived from USPS (United States Postal Service) data and were not verified.

ID Check: The [ID] attribute is not blank and all IDs are unique.

Coordinate Check: Coordinates are not null or zero and the x and y fields match the shape.

Basic Address Check: Physical addresses were verified to be non blank and to not be a "PO Box", "General Delivery", "Highway Contract", or "Rural Route" address. 

Highway Address without Type Check: Physical addresses containing the word "Highway" or "Route" were verified to also contain a type designator such as "State", "US", or "County", if one actually exists for the highway or route. These type designators are often missing from addresses, leading to confusion if more than one "Highway" of the given number exists in an area. 

Basic Name Check: Entity name is not blank, is not the same as entity city, and has a minimum of 2 characters. Name does not contain punctuation characters that can interfere with database operations, such as " (quote) and * (asterisk). 

Basic Phone Check: All phone numbers (including the area code) are ten (10) numeric digits. Alphabetic characters have been converted to the corresponding numeric digit. 

City Check: Entity city is not blank and is found in the named places file within 25 miles.

County FIPS to State Compare Check: The county represented by the tabular FIPS Code attribute is actually in the state specified by the state attribute. 

County Name to State Compare Check: The county represented by the tabular county name attribute is actually in the state specified by the state attribute. 

Phone Number Format Check: Phone numbers (including area code) were verified to be formatted as nnn-nnn-nnnn. 

NPA_NXX Check: Area codes (sometimes called "Number Planning Areas", or NPA's) and central office codes (sometimes known as exchanges, or NXX's) were validated against data from the North American Number Planning Administration (NANPA). In some cases, NPA-NXX combinations did not show up in the NANPA data but were verified to work. 

Area Code Distance Check: Area code (NPA) is valid and is within its area code boundary. 

Zip Code Check: The zip code is five (5) or nine (9) numeric digits, is listed in the postal database, is in the same state as indicated by the entity's [STATE] attribute, and is not a PO Box only zip code. 

Zip City Check: The entity's zip code and its city were verified to match according to the USPS Address Information System (AIS). 

Collocation Check: Entities with different addresses must not share the exact same geospatial location.

Geographic Spell Check: Words that appear in the entity name were checked against a standard English word list (and Spanish word list for entities in Puerto Rico). Words not appearing in these standard word lists were then checked against names appearing in the Geographic Names Information System (GNIS) of geographic features that are located within 25 miles of the entity. Proper names were manually reviewed for correct spelling.
</attraccr>
		</attracc>
		<logic Sync="TRUE">See "Attribute_Accuracy_Report". Many of the checks described in that section check for both attribute accuracy and logical consistency.</logic>
		<complete Sync="TRUE">
This dataset consists of Colleges and Universities.

The Colleges and Universities dataset is composed of any type of Post Secondary Education such as: colleges, universities, technical schools, trade schools, business schools, satellite (branch) campuses, etc. that grant First Professional, Associate, Bachelors, Masters, or Doctoral degrees.

Secondary education facilities, Administrative offices, or Post Secondary Education facilities that are non degree granting schools are intended to be excluded from this dataset, but a few may be included.
</complete>
		<posacc Sync="TRUE">
			<horizpa Sync="TRUE">
				<horizpar Sync="TRUE">The geographic location of contacted entities was verified to be correct relative to the street data and version indicated by the [ST_VENDOR] and [ST_VERSION] attributes. The horizontal accuracy is indicated by the [GEOPREC] attribute.  A value of "BLOCKFACE" indicates the entity was geocoded on the correct block and correct side of the street.  A value of "ONENTITY" indicates that the location is on the entity's facility as determined by USGS DOQQ imagery and that it is on the correct block and correct side of the street.</horizpar>
			</horizpa>
		</posacc>
		<lineage>
			<srcinfo>
				<srccite>
					<citeinfo>
						<origin>TechniGraphics, Inc.</origin>
						<pubdate>20070822</pubdate>
						<title>Colleges and Universities 2007 </title>
						<edition>3rd Quarter</edition>
						<geoform>vector digital data</geoform>
					</citeinfo>
				</srccite>
				<typesrc>CD-ROM</typesrc>
				<srctime>
					<timeinfo>
						<sngdate>
							<caldate>20070822</caldate>
						</sngdate>
					</timeinfo>
					<srccurr>ground conditions</srccurr>
				</srctime>
				<srccitea>Coll_Univ_2007</srccitea>
				<srccontr>The basic attribution (name, address, city, state, zip code, and telephone number) came from this dataset, unless the entity was updated by TGS during this processing. For entities that were previously manually processed by TGS, their geospatial information was used as a reference when automatically determining their location relative to the latest streets.</srccontr>
			</srcinfo>
			<srcinfo>
				<srccite>
					<citeinfo>
						<origin>State Partners and TGS research</origin>
						<pubdate>2007</pubdate>
						<title>Colleges and Universities</title>
						<edition>Unspecified</edition>
						<geoform>vector digital data</geoform>
					</citeinfo>
				</srccite>
				<typesrc>Online</typesrc>
				<srctime>
					<timeinfo>
						<sngdate>
							<caldate>2007</caldate>
						</sngdate>
					</timeinfo>
					<srccurr>publication date</srccurr>
				</srctime>
				<srccitea>NJ_Coll_Univ</srccitea>
				<srccontr>This was used as a source for Colleges and Universities.</srccontr>
			</srcinfo>
			<srcinfo>
				<srccite>
					<citeinfo>
						<origin>NAVTEQ</origin>
						<pubdate>2006</pubdate>
						<title>NAVSTREETS</title>
						<edition>2006.4</edition>
						<geoform>vector digital data</geoform>
					</citeinfo>
				</srccite>
				<typesrc>CD-ROM</typesrc>
				<srctime>
					<timeinfo>
						<sngdate>
							<caldate>2006</caldate>
						</sngdate>
					</timeinfo>
					<srccurr>publication date</srccurr>
				</srctime>
				<srccitea>NAVTEQ_Streets_2006_Q4</srccitea>
				<srccontr>NAVTEQ streets were used as a reference in the automatic geocoding and manual geolocating of entities during processing.</srccontr>
			</srcinfo>
			<procstep>
				<procdesc>
TGS Processing
&gt;
&gt;
1) Verified name, physical address, and phone numbers by contacting the entity or an authority responsible for the entity.
&gt;
&gt;
2) Determined or verified the geospatial location for the entity through contact with entity or authority responsible for entity. Entities were asked to describe their geospatial location relative to land marks visible in ortho imagery.
&gt;
&gt;
3) All text fields were set to all upper case.
&gt;
&gt;
4) Leading and trailing spaces were trimmed from all text fields.
&gt;
&gt;
5) Non printable and diacritic characters were removed from all text fields.
</procdesc>
				<srcused>Coll_Univ_2007</srcused>
				<srcused>
NJ_Coll_Univ
</srcused>
				<srcused>NAVTEQ_Streets_2006_Q4</srcused>
				<procdate>20071130</procdate>
				<srcprod>NJ_Coll_Univ_2007</srcprod>
				<proccont>
					<cntinfo>
						<cntperp>
							<cntper>Nicole Hackworth</cntper>
							<cntorg>TechniGraphics, Inc.</cntorg>
						</cntperp>
						<cntpos>Project Manager</cntpos>
						<cntaddr>
							<addrtype>Mailing and Physical Address</addrtype>
							<address>2000 Noble Drive</address>
							<city>Wooster</city>
							<state>Ohio</state>
							<postal>44691</postal>
							<country>USA</country>
						</cntaddr>
						<cntvoice>330-263-6222</cntvoice>
						<cntemail>nhackworth@tgstech.com</cntemail>
						<hours>8am - 5pm, Monday - Friday, Eastern Time</hours>
					</cntinfo>
				</proccont>
			</procstep>
			<procstep><procdesc>Data set reprojected to NAD83 NJ State Plane feet. Edits made to metadata.</procdesc><date Sync="TRUE">20100126</date><time Sync="TRUE">16383100</time><procsv>ArcCatalog 9.2 sp4</procsv><srcused>\Data\HSIP\Colleges\2007_11_30_NJ_COLL_UNIV_njsp.shp</srcused><procdate>20100126</procdate><srcprod>2007_11_30_NJ_COLL_UNIV_njsp.shp</srcprod><proccont><cntinfo><cntorgp><cntorg>NJ Office of Information Technology (NJOIT), Office of Geographic Information Systems (OGIS)</cntorg><cntper>Edith Konopka</cntper></cntorgp><cntpos>GIS Specialist</cntpos><cntaddr><addrtype>mailing address</addrtype><address>PO Box 212</address><city>Trenton</city><state>NJ</state><postal>08625-0212</postal><country>USA</country></cntaddr><cntvoice>609.777.3774</cntvoice><cntemail>edith.konopka@oit.state.nj.us</cntemail><hours>9-4</hours><cntinst>Email is preferred.</cntinst></cntinfo></proccont></procstep></lineage>
	</dataqual>
	<spdoinfo Sync="TRUE">
		<direct Sync="TRUE">Vector</direct>
		<ptvctinf Sync="TRUE">
			<sdtsterm Name="2007_11_30_NJ_COLL_UNIV_njsp">
				<sdtstype Sync="TRUE">Entity point</sdtstype>
				<ptvctcnt Sync="TRUE">66</ptvctcnt>
			</sdtsterm>
			<esriterm Name="2007_11_30_NJ_COLL_UNIV_njsp"><efeatyp Sync="TRUE">Simple</efeatyp><efeageom Sync="TRUE">Point</efeageom><esritopo Sync="TRUE">FALSE</esritopo><efeacnt Sync="TRUE">66</efeacnt><spindex Sync="TRUE">TRUE</spindex><linrefer Sync="TRUE">FALSE</linrefer></esriterm></ptvctinf>
	</spdoinfo>
	<spref Sync="TRUE">
		<horizsys Sync="TRUE">
			<geodetic>
				<horizdn Sync="TRUE">North American Datum of 1983</horizdn>
				<ellips Sync="TRUE">Geodetic Reference System 80</ellips>
				<semiaxis Sync="TRUE">6378137.000000</semiaxis>
				<denflat Sync="TRUE">298.257222</denflat>
			</geodetic>
			<cordsysn><geogcsn Sync="TRUE">GCS_North_American_1983</geogcsn><projcsn Sync="TRUE">NAD_1983_StatePlane_New_Jersey_FIPS_2900_Feet</projcsn></cordsysn><planar><gridsys><gridsysn>State Plane Coordinate System 1983</gridsysn><spcs><spcszone Sync="TRUE">2900</spcszone><transmer><sfctrmer Sync="TRUE">0.999900</sfctrmer><longcm Sync="TRUE">-74.500000</longcm><latprjo Sync="TRUE">38.833333</latprjo><feast Sync="TRUE">492125.000000</feast><fnorth Sync="TRUE">0.000000</fnorth></transmer></spcs></gridsys><planci><plance Sync="TRUE">coordinate pair</plance><plandu Sync="TRUE">survey feet</plandu><coordrep><absres>0.3</absres><ordres>0.3</ordres></coordrep></planci></planar></horizsys>
	</spref>
	<eainfo Sync="TRUE">
		<detailed Sync="TRUE" Name="2007_11_30_NJ_COLL_UNIV_njsp">
			<enttyp Sync="TRUE">
				<enttypl>Colleges and Universities in New Jersey</enttypl>
				<enttypd Sync="TRUE">The Colleges and Universities dataset is composed of any type of Post Secondary Education such as: colleges, universities, technical schools, trade schools, business schools, satellite (branch) campuses, etc. that grant First Professional, Associate, Bachelors, Masters, or Doctoral degrees.</enttypd>
				<enttypds Sync="TRUE">TGS</enttypds>
				<enttypt Sync="TRUE">Feature Class</enttypt><enttypc Sync="TRUE">66</enttypc></enttyp>
			<attr>
				<attrlabl Sync="TRUE">FID</attrlabl>
				<attrdef>Internal feature number.</attrdef>
				<attrdefs Sync="TRUE">ESRI</attrdefs>
				<attrdomv>
					<udom Sync="TRUE">Sequential unique whole numbers that are automatically generated.</udom>
				</attrdomv>
			</attr>
			<attr><attrlabl Sync="TRUE">Shape</attrlabl><attalias Sync="TRUE">Shape</attalias><attrtype Sync="TRUE">Geometry</attrtype><attwidth Sync="TRUE">0</attwidth><atprecis Sync="TRUE">0</atprecis><attscale Sync="TRUE">0</attscale><attrdef Sync="TRUE">Feature geometry.</attrdef><attrdefs Sync="TRUE">ESRI</attrdefs><attrdomv><udom Sync="TRUE">Coordinates defining the features.</udom></attrdomv></attr><attr Sync="TRUE">
				<attrlabl Sync="TRUE">SHAPE</attrlabl>
				<attrdef>Feature geometry.</attrdef>
				<attrdefs Sync="TRUE">ESRI</attrdefs>
				<attrdomv Sync="TRUE">
					<udom Sync="TRUE">Coordinates defining the features.</udom>
				</attrdomv>
				<attrtype Sync="TRUE">String</attrtype><attwidth Sync="TRUE">10</attwidth></attr>
			<attr Sync="TRUE">
				<attrlabl Sync="TRUE">ID</attrlabl>
				<attrdef>Unique identifier for feature.</attrdef>
				<attrdefs Sync="TRUE">TGS</attrdefs>
				<attrdomv>
					<udom Sync="TRUE">Text</udom>
				</attrdomv>
				<attrtype Sync="TRUE">String</attrtype><attwidth Sync="TRUE">20</attwidth></attr>
			<attr Sync="TRUE">
				<attrlabl Sync="TRUE">METLNKID</attrlabl>
				<attrdef>Link to Metadata.</attrdef>
				<attrdefs Sync="TRUE">TGS</attrdefs>
				<attrdomv Sync="TRUE">
					<udom Sync="TRUE">Text</udom>
				</attrdomv>
				<attrtype Sync="TRUE">String</attrtype><attwidth Sync="TRUE">10</attwidth></attr>
			<attr>
				<attrlabl Sync="TRUE">FEATTYPE</attrlabl>
				<attrdef>Geometry type of feature.</attrdef>
				<attrdefs Sync="TRUE">TGS</attrdefs>
				<attrdomv Sync="TRUE">
					<edom>
						<edomv Sync="TRUE">POINT</edomv>
						<edomvd>Feature is represented by point.</edomvd>
						<edomvds Sync="TRUE">TGS</edomvds>
					</edom>
				</attrdomv>
				<attrtype Sync="TRUE">String</attrtype><attwidth Sync="TRUE">30</attwidth></attr>
			<attr Sync="TRUE">
				<attrlabl Sync="TRUE">SECCLASS</attrlabl>
				<attrdef Sync="TRUE">Security classification of feature.</attrdef>
				<attrdefs>TGS</attrdefs>
				<attrdomv Sync="TRUE">
					<edom Sync="TRUE">
						<edomv Sync="TRUE">UNCLASSIFIED</edomv>
						<edomvd Sync="TRUE">Entity is unclassified.</edomvd>
						<edomvds Sync="TRUE">TGS</edomvds>
					</edom>
				</attrdomv>
				<attrdomv>
					<edom>
						<edomv>UNCLASSIFIED - TREAT AS FOUO</edomv>
						<edomvd>Entity is unclassified and should be treated as "For Official Use Only".</edomvd>
						<edomvds>TGS</edomvds>
					</edom>
				</attrdomv>
				<attrtype Sync="TRUE">String</attrtype><attwidth Sync="TRUE">254</attwidth></attr>
			<attr Sync="TRUE">
				<attrlabl Sync="TRUE">NAME</attrlabl>
				<attrdef>Name of entity.</attrdef>
				<attrdefs Sync="TRUE">TGS</attrdefs>
				<attrdomv>
					<udom Sync="TRUE">Text</udom>
				</attrdomv>
				<attrtype Sync="TRUE">String</attrtype><attwidth Sync="TRUE">3</attwidth></attr>
			<attr Sync="TRUE">
				<attrlabl>AREA</attrlabl>
				<attrdef>Three (3) digit telephone area code for entity.</attrdef>
				<attrdefs Sync="TRUE">TGS</attrdefs>
				<attrdomv>
					<udom Sync="TRUE">Valid area codes without punctuation. Only numeric digits are used. A list of valid area codes can be found at http://www.nanpa.com</udom>
				</attrdomv>
				<attrtype Sync="TRUE">String</attrtype><attwidth Sync="TRUE">8</attwidth></attr>
			<attr Sync="TRUE">
				<attrlabl>PHONE</attrlabl>
				<attrdef>Seven (7) digit telephone number for entity formatted as nnn-nnnn. All alphabetic characters have been translated to the corresponding numeric digit.</attrdef>
				<attrdefs Sync="TRUE">TGS</attrdefs>
				<attrdomv>
					<udom Sync="TRUE">Phone numbers formatted as nnn-nnnn. Only numeric digits are used. The first three (3) digits (the exchange) must form a valid combination with the area code. A list of valid area code and exchange combinations can be obtained from http://www.nanpa.com</udom>
				</attrdomv>
				<attrtype Sync="TRUE">String</attrtype><attwidth Sync="TRUE">80</attwidth></attr>
			<attr Sync="TRUE">
				<attrlabl Sync="TRUE">ADDRESS</attrlabl>
				<attrdef>Physical street address for entity. "PO Box", "General Delivery", "Rural Route", and "Highway Contract" addresses are not considered physical addresses and should not appear in this attribute. Some areas do not have regular city style addressing so entities in those areas may not have a street number. In such cases, the name of the road they are located on is listed in this attribute.  Some rural areas may not have named roads.  In these rare cases, this attribute will be blank.</attrdef>
				<attrdefs Sync="TRUE">TGS</attrdefs>
				<attrdomv Sync="TRUE">
					<udom Sync="TRUE">Text</udom>
				</attrdomv>
				<attrtype Sync="TRUE">String</attrtype><attwidth Sync="TRUE">80</attwidth></attr>
			<attr Sync="TRUE">
				<attrlabl Sync="TRUE">ADDRESS2</attrlabl>
				<attrdef>Location within physical address, e.g., floor, suite, building.</attrdef>
				<attrdefs Sync="TRUE">TGS</attrdefs>
				<attrdomv>
					<udom Sync="TRUE">Text</udom>
				</attrdomv>
				<attrtype Sync="TRUE">String</attrtype><attwidth Sync="TRUE">120</attwidth></attr>
			<attr>
				<attrlabl>CITY</attrlabl>
				<attrdef>
The name of the city associated with the entity's physical address. For physical addresses that the U.S. Postal Service (USPS) delivers to, this should be a "city" acceptable to the USPS as defined in their Address Information System (AIS). Sometimes the USPS does not deliver mail to a physical address but recognizes the location (i.e., they list the location as "undeliverable"). The cities associated with these locations are acceptable. In some cases, the USPS does not recognize individual physical addresses in a city, rather, they list the city as having "General Delivery". In these cases, the city and associated zip code are acceptable (the entity's [ADDRESS] attribute will contain a street address, not "general delivery"). The entity may not actually be located within the city limits of the "city" specified in its city field. Instead, it may actually be located within the city limits of another city. In some cases, the "city" that appears in this attribute may not even be a city in an administrative sense, but it is still an acceptable "city" to the USPS. An example of this is "Notre Dame, IN". There is no city in Indiana called "Notre Dame", but this is considered an acceptable city by the USPS for any delivery going to the University of Notre Dame which is actually located in the city of South Bend. "Notre Dame", like most USPS cities, is an easily recognized place, and it gives the user of the data a good general idea of where the entity is located (if the entity is located in a small municipality, the USPS "city" may be more recognizable than the name of the municipality), and it would be part of the address one would use to send a shipment to the entity's location. Using the USPS acceptable "city" also allows someone to do a logical consistency check between the zip code and the city by using the USPS AIS.

Sometimes an entity may report a city that is not accepted by the USPS, and although TGS has tried to replace those cities with an acceptable alternative, some of them may remain in this dataset.
</attrdef>
				<attrdefs Sync="TRUE">TGS</attrdefs>
				<attrdomv>
					<udom>Text</udom>
				</attrdomv>
				<attrtype Sync="TRUE">String</attrtype><attwidth Sync="TRUE">2</attwidth></attr>
			<attr>
				<attrlabl Sync="TRUE">STATE</attrlabl>
				<attrdef>Two (2) character abbreviation for state associated with the entity's physical address. In almost all cases this is the same as the state where the entity has been depicted geospatially. However, there are cases, particularly where an entity is part of a larger facility that cuts across state lines, where the entity's location may be depicted in a state other than the one indicated in this attribute. Also, the state in which an entity appears to be located may change depending on the scale of the state boundary theme being used.</attrdef>
				<attrdefs>TGS</attrdefs>
				<attrdomv>
					<codesetd>
						<codesetn Sync="TRUE">Official USPS Abbreviations - State Abbreviations</codesetn>
						<codesets>United States Postal Service http://www.usps.com/ncsc/lookups/usps_abbreviations.html</codesets>
					</codesetd>
				</attrdomv>
				<attrtype Sync="TRUE">String</attrtype><attwidth Sync="TRUE">5</attwidth></attr>
			<attr>
				<attrlabl>ZIP</attrlabl>
				<attrdef>Five (5) digit USPS zip code for entity's physical location.</attrdef>
				<attrdefs>TGS</attrdefs>
				<attrdomv>
					<codesetd Sync="TRUE">
						<codesetn>USPS Address Information System - Domain is further restricted by only allowing physical (non PO Box) zip codes.</codesetn>
						<codesets Sync="TRUE">United States Postal Service</codesets>
					</codesetd>
				</attrdomv>
				<attrtype Sync="TRUE">String</attrtype><attwidth Sync="TRUE">4</attwidth></attr>
			<attr>
				<attrlabl>ZIPP4</attrlabl>
				<attrdef>Four (4) digit USPS zip code extension. This attribute was automatically assigned using the entity's physical address and USPS address information system (AIS) data.</attrdef>
				<attrdefs Sync="TRUE">TGS</attrdefs>
				<attrdomv>
					<codesetd Sync="TRUE">
						<codesetn Sync="TRUE">USPS Address Information System (AIS) - ZIP9</codesetn>
						<codesets>United States Postal Service</codesets>
					</codesetd>
				</attrdomv>
				<attrtype Sync="TRUE">String</attrtype><attwidth Sync="TRUE">50</attwidth></attr>
			<attr>
				<attrlabl>COUNTY</attrlabl>
				<attrdef>County name where entity is located.</attrdef>
				<attrdefs>TGS</attrdefs>
				<attrdomv>
					<codesetd>
						<codesetn>Geographic Names Information System (GNIS)</codesetn>
						<codesets Sync="TRUE">US Department of the Interior - US Geologic Survey</codesets>
					</codesetd>
				</attrdomv>
				<attrtype Sync="TRUE">String</attrtype><attwidth Sync="TRUE">5</attwidth></attr>
			<attr>
				<attrlabl>FIPS</attrlabl>
				<attrdef>Five (5) digit FIPS (Federal Information Processing Standards) Code for the County where entity is located. The first two (2) digits represent the state and the last three (3) digits identify the county within the state.</attrdef>
				<attrdefs Sync="TRUE">TGS</attrdefs>
				<attrdomv>
					<codesetd>
						<codesetn Sync="TRUE">Federal Information Processing Standards Publications - Counties and Equivalent Entities of the U.S., Its Possessions, and Associated Areas</codesetn>
						<codesets>National Institute of Standards (NIST) http://www.itl.nist.gov/fipspubs/co-codes/states.txt</codesets>
					</codesetd>
				</attrdomv>
				<attrtype Sync="TRUE">String</attrtype><attwidth Sync="TRUE">254</attwidth></attr>
			<attr>
				<attrlabl>DIRECTIONS</attrlabl>
				<attrdef>Directions to entity location, or description of the entity's location.</attrdef>
				<attrdefs Sync="TRUE">TGS</attrdefs>
				<attrdomv>
					<udom>Text</udom>
				</attrdomv>
				<attrtype Sync="TRUE">String</attrtype><attwidth Sync="TRUE">40</attwidth></attr>
			<attr>
				<attrlabl>EMERGTITLE</attrlabl>
				<attrdef>Title of person or name of office for emergency point of contact.</attrdef>
				<attrdefs Sync="TRUE">TGS</attrdefs>
				<attrdomv>
					<udom Sync="TRUE">Text</udom>
				</attrdomv>
				<attrtype Sync="TRUE">String</attrtype><attwidth Sync="TRUE">12</attwidth></attr>
			<attr>
				<attrlabl>EMERGPHONE</attrlabl>
				<attrdef>Ten (10) digit telephone number of emergency point of contact formatted as nnn-nnn-nnnn. All alphabetic characters have been translated to the corresponding numeric digit.</attrdef>
				<attrdefs Sync="TRUE">TGS</attrdefs>
				<attrdomv>
					<udom>Phone numbers, including area code, formatted as nnn-nnn-nnnn. A list of valid area code and exchange combinations can be found at http://www.nanpa.com</udom>
				</attrdomv>
				<attrtype Sync="TRUE">String</attrtype><attwidth Sync="TRUE">10</attwidth></attr>
			<attr>
				<attrlabl>EMERGEXT</attrlabl>
				<attrdef>Telephone extension for emergency point of contact.</attrdef>
				<attrdefs>TGS</attrdefs>
				<attrdomv>
					<udom>Text</udom>
				</attrdomv>
				<attrtype Sync="TRUE">Date</attrtype><attwidth Sync="TRUE">8</attwidth></attr>
			<attr>
				<attrlabl Sync="TRUE">CONTDATE</attrlabl>
				<attrdef>Date entity was contacted by TGS.</attrdef>
				<attrdefs>TGS</attrdefs>
				<attrdomv>
					<udom>Date</udom>
				</attrdomv>
				<attrtype Sync="TRUE">String</attrtype><attwidth Sync="TRUE">10</attwidth></attr>
			<attr>
				<attrlabl>CONTHOW</attrlabl>
				<attrdef>Method by which entity was contacted.</attrdef>
				<attrdefs>TGS</attrdefs>
				<attrdomv>
					<edom>
						<edomv>PHONE</edomv>
						<edomvd>Entity was contacted by phone.</edomvd>
						<edomvds>TGS</edomvds>
					</edom>
				</attrdomv>
				<attrdomv>
					<edom>
						<edomv>FAX</edomv>
						<edomvd>Entity was contacted by fax.</edomvd>
						<edomvds>TGS</edomvds>
					</edom>
				</attrdomv>
				<attrdomv>
					<edom>
						<edomv>MAIL</edomv>
						<edomvd>Entity was contacted by mail.</edomvd>
						<edomvds>TGS</edomvds>
					</edom>
				</attrdomv>
				<attrdomv>
					<edom Sync="TRUE">
						<edomv>EMAIL</edomv>
						<edomvd>Entity was contacted by email.</edomvd>
						<edomvds>TGS</edomvds>
					</edom>
				</attrdomv>
				<attrdomv>
					<edom>
						<edomv>WEB</edomv>
						<edomvd>Entity information was gathered and/or verified by official entity website as a last resort.</edomvd>
						<edomvds>TGS</edomvds>
					</edom>
				</attrdomv>
				<attrdomv>
					<edom>
						<edomv>ALT REF</edomv>
						<edomvd>Geospatial reference information obtained from local authorities, e.g., downloadable parcel maps, 911 streets, and shapefiles.</edomvd>
						<edomvds>TGS</edomvds>
					</edom>
				</attrdomv>
				<attrtype Sync="TRUE">Date</attrtype><attwidth Sync="TRUE">8</attwidth></attr>
			<attr>
				<attrlabl>GEODATE</attrlabl>
				<attrdef>Date entity was geocoded by TGS.</attrdef>
				<attrdefs>TGS</attrdefs>
				<attrdomv>
					<udom>Date</udom>
				</attrdomv>
				<attrtype Sync="TRUE">String</attrtype><attwidth Sync="TRUE">10</attwidth></attr>
			<attr>
				<attrlabl>GEOHOW</attrlabl>
				<attrdef>Method by which entity was geocoded.</attrdef>
				<attrdefs>TGS</attrdefs>
				<attrdomv>
					<edom>
						<edomv>AUTO</edomv>
						<edomvd>Entity was automatically geocoded.</edomvd>
						<edomvds>TGS</edomvds>
					</edom>
				</attrdomv>
				<attrdomv>
					<edom Sync="TRUE">
						<edomv>MANUAL</edomv>
						<edomvd>Entity was manually geocoded.</edomvd>
						<edomvds>TGS</edomvds>
					</edom>
				</attrdomv>
				<attrdomv>
					<edom>
						<edomv>ADJUSTED</edomv>
						<edomvd>Entity was shifted by TGS to an updated set of NAVTEQ streets. This only applies if the entity was manually geocoded by TGS to a previous version of NAVTEQ streets.</edomvd>
						<edomvds>TGS</edomvds>
					</edom>
				</attrdomv>
				<attrdomv>
					<edom>
						<edomv>PROVIDED</edomv>
						<edomvd>Entity was geocoded using coordinates provided by the state.</edomvd>
						<edomvds>TGS</edomvds>
					</edom>
				</attrdomv>
				<attrtype Sync="TRUE">String</attrtype><attwidth Sync="TRUE">6</attwidth></attr>
			<attr>
				<attrlabl>NAICSCODE</attrlabl>
				<attrdef>NAICS (North American Industry Classification System) Code for entity. NAICS Codes (and NAICS Descriptions) have been assigned based upon the entity's primary function, regardless of if that is the function that qualified it to be included in this dataset.</attrdef>
				<attrdefs>TGS</attrdefs>
				<attrdomv>
					<codesetd>
						<codesetn>North American Industry Classification System (NAICS 2002)</codesetn>
						<codesets>US Census Bureau - http://www.census.gov/epcd/www/naics.html</codesets>
					</codesetd>
				</attrdomv>
				<attrtype Sync="TRUE">String</attrtype><attwidth Sync="TRUE">120</attwidth></attr>
			<attr>
				<attrlabl>NAICSDESCR</attrlabl>
				<attrdef>
NAICS (North American Industry Classification System) Description for entity. The "Index Entries" that appear on the NAICS webpage (http://www.census.gov/epcd/www/naics.html) are being used to populate this attribute as opposed to the "NAICS Title". While there is a one to one correspondence between NAICS Codes and "NAICS Titles", there is a one to many relationship between NAICS Codes and the "Index Entries". By using the "Index Entries", we have placed the entities that make up this layer into more specific categories; however, the user of this data should be aware that this was not the intended purpose of these "Index Entries". The "Index Entries" were intended as a way to search the NAICS database and as a way of enumerating ways in which establishments falling under the given NAICS Code may be named. Thus, there are often two or more "Index Entries" that are synonyms, for example: "Prisons" and "Penitentiaries". In cases like this, we have standardized on one "Index Entry".

NAICS Descriptions (and NAICS Codes) have been assigned based upon the entity's primary function, regardless of the function that qualified it to be included in this dataset.
</attrdef>
				<attrdefs>TGS</attrdefs>
				<attrdomv>
					<edom>
						<edomv>ACADEMIES, COLLEGE OR UNIVERSITY</edomv>
						<edomvd>ACADEMIES, COLLEGE OR UNIVERSITY - [NAICS Code 611310]: Entities that are institutions of higher learning based to educate and grant degrees.</edomvd>
						<edomvds>TGS</edomvds>
					</edom>
				</attrdomv>
				<attrdomv>
					<edom>
						<edomv>AVIATION SCHOOLS</edomv>
						<edomvd>AVIATION SCHOOLS - [NAICS Code 611310]: Entities that are institutions of higher learning based to educate and grant degrees on aviation.</edomvd>
						<edomvds>TGS</edomvds>
					</edom>
				</attrdomv>
				<attrdomv>
					<edom>
						<edomv>BUSINESS COLLEGES OR SCHOOLS OFFERING BACCALAUREATE OR GRADUATE DEGREES</edomv>
						<edomvd>BUSINESS COLLEGES OR SCHOOLS OFFERING BACCALAUREATE OR GRADUATE DEGREES - [NAICS Code 611310]: Entities that are institutions of higher learning based to educate and grant baccalaureate or graduate degrees on business.</edomvd>
						<edomvds>TGS</edomvds>
					</edom>
				</attrdomv>
				<attrdomv>
					<edom>
						<edomv>COLLEGES (EXCEPT JUNIOR COLLEGES)</edomv>
						<edomvd>COLLEGES (EXCEPT JUNIOR COLLEGES)- [NAICS Code 611310]: Entities that are institutions of higher learning  in the liberal arts and/or sciences based to educate and grant bachelor degrees.</edomvd>
						<edomvds>TGS</edomvds>
					</edom>
				</attrdomv>
				<attrdomv>
					<edom>
						<edomv>COMMUNITY COLLEGES</edomv>
						<edomvd>COMMUNITY COLLEGES - [NAICS Code 611210]: Entities that are a nonresidential institution of higher learning based to educate and grant degrees below the baccalaureate level, and are often funded by the government.</edomvd>
						<edomvds>TGS</edomvds>
					</edom>
				</attrdomv>
				<attrdomv>
					<edom>
						<edomv>COMPUTER TRAINING (EXCEPT REPAIR)</edomv>
						<edomvd>COMPUTER TRAINING (EXCEPT REPAIR) - [NAICS Code 611420]: Entities that are institutions of higher learning based to educate and grant degrees on computers such as Business Information Systems, Networking &amp; Technical Management.</edomvd>
						<edomvds>TGS</edomvds>
					</edom>
				</attrdomv>
				<attrdomv>
					<edom>
						<edomv>COURT REPORTING SCHOOLS</edomv>
						<edomvd>COURT REPORTING SCHOOLS - [NAICS Code 611410]: Entities that are institutions of higher learning based to educate and grant degrees on court reporting.</edomvd>
						<edomvds>TGS</edomvds>
					</edom>
				</attrdomv>
				<attrdomv>
					<edom>
						<edomv>CULINARY ARTS SCHOOLS</edomv>
						<edomvd>CULINARY ARTS SCHOOLS - [NAICS Code 611519]: Entities that are institutions of higher learning based to educate and grant degrees on culinary arts.</edomvd>
						<edomvds>TGS</edomvds>
					</edom>
				</attrdomv>
				<attrdomv>
					<edom>
						<edomv>FINE ARTS SCHOOLS (EXCEPT ACADEMIC)</edomv>
						<edomvd>FINE ARTS SCHOOLS (EXCEPT ACADEMIC) - [NAICS Code 611610]: Entities that are institutions of higher learning based to educate and grant degrees on fine arts.</edomvd>
						<edomvds>TGS</edomvds>
					</edom>
				</attrdomv>
				<attrdomv>
					<edom>
						<edomv>GOLF INSTRUCTION, CAMPS, OR SCHOOLS</edomv>
						<edomvd>GOLF INSTRUCTION, CAMPS, OR SCHOOLS - [NAICS Code 611620]: Entities that are institutions of higher learning based to educate and grant degrees on athletic activities.</edomvd>
						<edomvds>TGS</edomvds>
					</edom>
				</attrdomv>
				<attrdomv>
					<edom>
						<edomv>HOSPITALITY MANAGEMENT SCHOOLS OFFERING BACCALAUREATE OR GRADUATE DEGREES</edomv>
						<edomvd>HOSPITALITY MANAGEMENT SCHOOLS OFFERING BACCALAUREATE OR GRADUATE DEGREES - [NAICS Code 611310]: Entities that are institutions of higher learning based to educate and grant baccalaureate or graduate degrees on hospitality management.</edomvd>
						<edomvds>TGS</edomvds>
					</edom>
				</attrdomv>
				<attrdomv>
					<edom>
						<edomv>JUNIOR COLLEGES</edomv>
						<edomvd>JUNIOR COLLEGES - [NAICS Code 611210]: Entities that are institutions of higher learning based to educate and granting a certificate of title instead of a degree for first two years of a four-year undergraduate course.</edomvd>
						<edomvds>TGS</edomvds>
					</edom>
				</attrdomv>
				<attrdomv>
					<edom>
						<edomv>LAW SCHOOLS</edomv>
						<edomvd>LAW SCHOOLS - [NAICS Code 611310]: Entities that are institutions of higher learning based to educate and grant degrees on law.</edomvd>
						<edomvds>TGS</edomvds>
					</edom>
				</attrdomv>
				<attrdomv>
					<edom>
						<edomv>MANAGEMENT DEVELOPMENT TRAINING</edomv>
						<edomvd>MANAGEMENT DEVELOPMENT TRAINING - [NAICS Code 611430]: Entities that are institutions of higher learning based to educate and grant job-specific certification on management development.</edomvd>
						<edomvds>TGS</edomvds>
					</edom>
				</attrdomv>
				<attrdomv>
					<edom>
						<edomv>MASSAGE THERAPIST INSTRUCTION</edomv>
						<edomvd>MASSAGE THERAPIST INSTRUCTION - [NAICS Code 611519]: Entities that are institutions of higher learning based to educate and grant job-specific certification in massage therapy.</edomvd>
						<edomvds>TGS</edomvds>
					</edom>
				</attrdomv>
				<attrdomv>
					<edom>
						<edomv>MECHANIC'S SCHOOLS (EXCEPT APPRENTICESHIP)</edomv>
						<edomvd>MECHANIC'S SCHOOLS (EXCEPT APPRENTICESHIP) - [NAICS Code 611519]: Entities that are institutions of higher learning based to educate and grant job-specific certification on mechanics such as making, using, or repairing machines, vehicles, and tools.</edomvd>
						<edomvds>TGS</edomvds>
					</edom>
				</attrdomv>
				<attrdomv>
					<edom>
						<edomv>MEDICAL SCHOOLS</edomv>
						<edomvd>MEDICAL SCHOOLS - [NAICS Code 611310]: Entities that are institutions of higher learning based to educate and grant medical degrees.</edomvd>
						<edomvds>TGS</edomvds>
					</edom>
				</attrdomv>
				<attrdomv>
					<edom>
						<edomv>MILITARY ACADEMIES, COLLEGE LEVEL</edomv>
						<edomvd>MILITARY ACADEMIES, COLLEGE LEVEL - [NAICS Code 611310]: Entities that are institutions of higher learning based to educate and train men and women for military careers.</edomvd>
						<edomvds>TGS</edomvds>
					</edom>
				</attrdomv>
				<attrdomv>
					<edom>
						<edomv>MUSIC SCHOOLS (EXCEPT ACADEMIC)</edomv>
						<edomvd>MUSIC SCHOOLS (EXCEPT ACADEMIC) - [NAICS Code 611610]: Entities that are institutions of higher learning based to educate specialize and study music.</edomvd>
						<edomvds>TGS</edomvds>
					</edom>
				</attrdomv>
				<attrdomv>
					<edom>
						<edomv>PHOTOGRAPHY SCHOOLS, ART</edomv>
						<edomvd>PHOTOGRAPHY SCHOOLS, ART - [NAICS Code 611610]: Entities that are institutions of higher learning based to educate and offering instruction of taking and printing photographs or making movies.</edomvd>
						<edomvds>TGS</edomvds>
					</edom>
				</attrdomv>
				<attrdomv>
					<edom>
						<edomv>PROFESSIONAL SCHOOLS (E.G., BUSINESS ADMINISTRATION, DENTAL, LAW, MEDICAL)</edomv>
						<edomvd>PROFESSIONAL SCHOOLS (E.G., BUSINESS ADMINISTRATION, DENTAL, LAW, MEDICAL) - [NAICS Code 611310]: Entities that are institutions of higher learning based to offer courses and seminars for management and professional development.</edomvd>
						<edomvds>TGS</edomvds>
					</edom>
				</attrdomv>
				<attrdomv>
					<edom>
						<edomv>TECHNICAL AND TRADE SCHOOLS</edomv>
						<edomvd>TECHNICAL AND TRADE SCHOOLS - [NAICS Code 61151]: Entities that are institutions offering job or career vocational or technical courses of higher learning based to educate and grant job-specific certification.</edomvd>
						<edomvds>TGS</edomvds>
					</edom>
				</attrdomv>
				<attrdomv>
					<edom>
						<edomv>THEOLOGICAL SEMINARIES OFFERING BACCALAUREATE OR GRADUATE DEGREES</edomv>
						<edomvd>THEOLOGICAL SEMINARIES OFFERING BACCALAUREATE OR GRADUATE DEGREES - [NAICS Code 611310]: Entities that are institutions of higher learning relating to theology or to specialized religious study based to educate and grant baccalaureate or graduate degrees.</edomvd>
						<edomvds>TGS</edomvds>
					</edom>
				</attrdomv>
				<attrdomv>
					<edom>
						<edomv>UNIVERSITIES</edomv>
						<edomvd>UNIVERSITIES - [NAICS Code 611310]: Entities that are institutions of the highest level of education including a graduate school and/or professional schools that awards undergraduate bachelor, master, and/or doctorate degrees.</edomvd>
						<edomvds>TGS</edomvds>
					</edom>
				</attrdomv>
				<attrtype Sync="TRUE">String</attrtype><attwidth Sync="TRUE">10</attwidth></attr>
			<attr Sync="TRUE">
				<attrlabl>GEOLINKID</attrlabl>
				<attrdef>Link ID for the street segment to which the entity was geocoded. Refer to the [ST_VENDOR] and [ST_VERSION] attributes for the street vendor and version that was used to geocode the entity.</attrdef>
				<attrdefs>TGS</attrdefs>
				<attrdomv>
					<udom>Text</udom>
				</attrdomv>
				<attrtype Sync="TRUE">Number</attrtype><attwidth Sync="TRUE">19</attwidth><atnumdec Sync="TRUE">7</atnumdec></attr>
			<attr>
				<attrlabl>X</attrlabl>
				<attrdef>Longitude in WGS 84 Decimal Degrees.</attrdef>
				<attrdefs>TGS</attrdefs>
				<attrdomv>
					<rdom>
						<rdommin>-180</rdommin>
						<rdommax>180</rdommax>
						<attrunit>WGS 84 Decimal Degrees</attrunit>
					</rdom>
				</attrdomv>
				<attrtype Sync="TRUE">Number</attrtype><attwidth Sync="TRUE">19</attwidth><atnumdec Sync="TRUE">7</atnumdec></attr>
			<attr>
				<attrlabl>Y</attrlabl>
				<attrdef>Latitude in WGS 84 Decimal Degrees.</attrdef>
				<attrdefs>TGS</attrdefs>
				<attrdomv>
					<rdom>
						<rdommin>-90</rdommin>
						<rdommax Sync="TRUE">90</rdommax>
						<attrunit>WGS 84 Decimal Degrees</attrunit>
					</rdom>
				</attrdomv>
				<attrtype Sync="TRUE">String</attrtype><attwidth Sync="TRUE">10</attwidth></attr>
			<attr>
				<attrlabl>ST_VENDOR</attrlabl>
				<attrdef>Indicates name of vendor providing original street data used for geocoding.</attrdef>
				<attrdefs>TGS</attrdefs>
				<attrdomv>
					<edom>
						<edomv>NAVTEQ</edomv>
						<edomvd>NAVTEQ streets were used for geocoding.</edomvd>
						<edomvds>TGS</edomvds>
					</edom>
				</attrdomv>
				<attrdomv>
					<edom>
						<edomv>TIGER</edomv>
						<edomvd>Tiger streets were used for geocoding.</edomvd>
						<edomvds>TGS</edomvds>
					</edom>
				</attrdomv>
				<attrdomv>
					<edom>
						<edomv>TGS</edomv>
						<edomvd>TGS drew in a new street segment that does not exist in the file supplied by NAVTEQ.</edomvd>
						<edomvds>TGS</edomvds>
					</edom>
				</attrdomv>
				<attrdomv>
					<edom>
						<edomv>&lt;BLANK&gt;</edomv>
						<edomvd>Entity was geocoded using coordinates provided by the state; therefore, the street vendor is unknown.</edomvd>
						<edomvds>TGS</edomvds>
					</edom>
				</attrdomv>
				<attrtype Sync="TRUE">String</attrtype><attwidth Sync="TRUE">10</attwidth></attr>
			<attr>
				<attrlabl>ST_VERSION</attrlabl>
				<attrdef>Indicates the year and quarter of streets used for geocoding.</attrdef>
				<attrdefs>TGS</attrdefs>
				<attrdomv>
					<edom>
						<edomv>2006Q4</edomv>
						<edomvd Sync="TRUE">2006Q4 NAVTEQ Street Data used for geocoding.</edomvd>
						<edomvds>TGS</edomvds>
					</edom>
				</attrdomv>
				<attrdomv>
					<edom>
						<edomv>2006FE</edomv>
						<edomvd>2006fe version of TIGER/Line streets was used for geocoding in areas where NAVTEQ does not have coverage.</edomvd>
						<edomvds>TGS</edomvds>
					</edom>
				</attrdomv>
				<attrdomv>
					<edom>
						<edomv>&lt;BLANK&gt;</edomv>
						<edomvd>Entity was geocoded using coordinates provided by the state; therefore, the street version is unknown.</edomvd>
						<edomvds>TGS</edomvds>
					</edom>
				</attrdomv>
				<attrtype Sync="TRUE">String</attrtype><attwidth Sync="TRUE">32</attwidth></attr>
			<attr>
				<attrlabl>GEOPREC</attrlabl>
				<attrdef>Geocoding precision.</attrdef>
				<attrdefs>TGS</attrdefs>
				<attrdomv>
					<edom>
						<edomv>BLOCKFACE</edomv>
						<edomvd>Entity is geocoded to correct block and correct side of street per street data indicated by [ST_VENDOR] and [ST_VERSION].</edomvd>
						<edomvds>TGS</edomvds>
					</edom>
				</attrdomv>
				<attrdomv>
					<edom>
						<edomv>ONENTITY</edomv>
						<edomvd>Entity is geocoded on entity rooftop per aerial imagery (in most cases USGS DOQQs).</edomvd>
						<edomvds>TGS</edomvds>
					</edom>
				</attrdomv>
				<attrdomv>
					<edom>
						<edomv>&lt;BLANK&gt;</edomv>
						<edomvd>Entity was geocoded using coordinates provided by the state; therefore, geocoding precision is unknown.</edomvd>
						<edomvds>TGS</edomvds>
					</edom>
				</attrdomv>
				<attrtype Sync="TRUE">String</attrtype><attwidth Sync="TRUE">3</attwidth></attr>
			<attr>
				<attrlabl>PHONELOC</attrlabl>
				<attrdef>Indicates whether the phone number in the phone field rings to the actual location of the entity.</attrdef>
				<attrdefs>TGS</attrdefs>
				<attrdomv>
					<edom>
						<edomv>YES</edomv>
						<edomvd>Phone number rings to the actual entity location.</edomvd>
						<edomvds>TGS</edomvds>
					</edom>
				</attrdomv>
				<attrdomv>
					<edom>
						<edomv>NO</edomv>
						<edomvd>Phone number does not ring to the actual entity location. It might ring to an administrative office or central location.</edomvd>
						<edomvds>TGS</edomvds>
					</edom>
				</attrdomv>
				<attrdomv>
					<edom>
						<edomv>&lt;BLANK&gt;</edomv>
						<edomvd>Unknown - It is not known if the entity's phone number rings to the entity's location.</edomvd>
						<edomvds>TGS</edomvds>
					</edom>
				</attrdomv>
				<attrtype Sync="TRUE">String</attrtype><attwidth Sync="TRUE">3</attwidth></attr>
			<attr>
				<attrlabl>QC_QA</attrlabl>
				<attrdef>Organization that performed Quality Control/Quality Assurance on the record.</attrdef>
				<attrdefs>TGS</attrdefs>
				<attrdomv>
					<edom>
						<edomv>TGS</edomv>
						<edomvd>TGS has performed Quality Control/Quality Assurance on the entity record after 01/01/2005.</edomvd>
						<edomvds>TGS</edomvds>
					</edom>
				</attrdomv>
				<attrdomv>
					<edom>
						<edomv>&lt;BLANK&gt;</edomv>
						<edomvd>The record is not TGS added or has not had Quality Control/Quality Assurance performed by TGS, or Quality Control/Quality Assurance was performed prior to 01/01/2005.</edomvd>
						<edomvds>TGS</edomvds>
					</edom>
				</attrdomv>
				<attrtype Sync="TRUE">String</attrtype><attwidth Sync="TRUE">254</attwidth></attr>
			<attr>
				<attrlabl>DEGREE</attrlabl>
				<attrdef>
Highest level of degree offered by the institution.

The values for this attribution have not been verified by TGS.
</attrdef>
				<attrdefs>TGS</attrdefs>
				<attrdomv>
					<edom>
						<edomv>ASSOCIATE'S DEGREE</edomv>
						<edomvd>Indicates the facility highest level of degree offered is an Associate's Degree.</edomvd>
						<edomvds>TGS</edomvds>
					</edom>
				</attrdomv>
				<attrdomv>
					<edom>
						<edomv>AT LEAST 2, BUT LESS THAN 4 ACADEMIC YRS</edomv>
						<edomvd>Indicates the facility highest level of degree offered is at least 2, but less than 4 academic yrs.</edomvd>
						<edomvds>TGS</edomvds>
					</edom>
				</attrdomv>
				<attrdomv>
					<edom>
						<edomv>AWARD OF LESS THAN ONE ACADEMIC YEAR</edomv>
						<edomvd>Indicates the facility highest level of degree offered is an award of less than one academic year.</edomvd>
						<edomvds>TGS</edomvds>
					</edom>
				</attrdomv>
				<attrdomv>
					<edom>
						<edomv>BACHELOR'S DEGREE</edomv>
						<edomvd>Indicates the facility highest level of degree offered is a Bachelor's Degree.</edomvd>
						<edomvds>TGS</edomvds>
					</edom>
				</attrdomv>
				<attrdomv>
					<edom>
						<edomv>DOCTOR'S DEGREE</edomv>
						<edomvd>Indicates the facility highest level of degree offered is a Doctor's Degree.</edomvd>
						<edomvds>TGS</edomvds>
					</edom>
				</attrdomv>
				<attrdomv>
					<edom>
						<edomv>MASTER'S DEGREE</edomv>
						<edomvd>Indicates the facility highest level of degree offered is a Master's Degree.</edomvd>
						<edomvds>TGS</edomvds>
					</edom>
				</attrdomv>
				<attrdomv>
					<edom>
						<edomv>NOT APPLICABLE, FIRST-PROFESSIONAL ONLY</edomv>
						<edomvd>Indicates the facility highest level of degree offered is not applicable, First-Professional Only.</edomvd>
						<edomvds>TGS</edomvds>
					</edom>
				</attrdomv>
				<attrdomv>
					<edom>
						<edomv>POST-MASTER'S CERTIFICATE</edomv>
						<edomvd>Indicates the facility highest level of degree offered is a Post-Master's Certificate.</edomvd>
						<edomvds>TGS</edomvds>
					</edom>
				</attrdomv>
				<attrdomv>
					<edom>
						<edomv>POST BACCALAUREATE CERTIFICATE</edomv>
						<edomvd>Indicates the facility highest level of degree offered is a Post baccalaureate Certificate.</edomvd>
						<edomvds>TGS</edomvds>
					</edom>
				</attrdomv>
				<attrdomv>
					<edom>
						<edomv>&lt;BLANK&gt;</edomv>
						<edomvd>Unknown or not provided.</edomvd>
						<edomvds>TGS</edomvds>
					</edom>
				</attrdomv>
				<attrtype Sync="TRUE">String</attrtype><attwidth Sync="TRUE">6</attwidth></attr>
			<attr>
				<attrlabl>ENROLL</attrlabl>
				<attrdef>
Indicates the total enrollment for the facility.

The values for this attribution have not been verified by TGS.
</attrdef>
				<attrdefs>TGS</attrdefs>
				<attrdomv>
					<udom>Number</udom>
				</attrdomv>
			</attr>
		</detailed>
	</eainfo>
	<metainfo>
		<metd>20071130</metd>
		<metc>
			<cntinfo>
				<cntperp>
					<cntper>Mike Thompson</cntper>
					<cntorg>TechniGraphics, Inc.</cntorg>
				</cntperp>
				<cntpos>Director of Geospatial Datasets</cntpos>
				<cntaddr>
					<addrtype>Mailing and Physical Address</addrtype>
					<address>2000 Noble Drive</address>
					<city>Wooster</city>
					<state>OH</state>
					<postal>44691</postal>
					<country>USA</country>
				</cntaddr>
				<cntvoice>330-263-6222</cntvoice>
				<cntfax>330-263-6294</cntfax>
				<cntemail>mthompson@tgstech.com</cntemail>
				<hours>8am - 5pm, Monday - Friday, Eastern Time</hours>
			</cntinfo>
		</metc>
		<metstdn>FGDC Content Standards for Digital Geospatial Metadata</metstdn>
		<metstdv>FGDC-STD-001-1998</metstdv>
		<langmeta Sync="TRUE">en</langmeta><mettc Sync="TRUE">local time</mettc><metextns><onlink Sync="TRUE">http://www.esri.com/metadata/esriprof80.html</onlink><metprof Sync="TRUE">ESRI Metadata Profile</metprof></metextns></metainfo>
	<Esri><MetaID>{E40BD53B-CEFC-4D0C-A2E6-2EA509A17956}</MetaID><CreaDate>20100126</CreaDate><CreaTime>16383100</CreaTime><SyncOnce>FALSE</SyncOnce><DataProperties><lineage><Process Name="Project_1" ToolSource="C:\Program Files\ArcGIS\ArcToolbox\Toolboxes\Data Management Tools.tbx\Project" Date="20100126" Time="163831">Project C:\Data\HSIP\Colleges\2007_11_30_NJ_COLL_UNIV.shp C:\Data\HSIP\Colleges\2007_11_30_NJ_COLL_UNIV_njsp.shp PROJCS['NAD_1983_StatePlane_New_Jersey_FIPS_2900_Feet',GEOGCS['GCS_North_American_1983',DATUM['D_North_American_1983',SPHEROID['GRS_1980',6378137.0,298.257222101]],PRIMEM['Greenwich',0.0],UNIT['Degree',0.0174532925199433]],PROJECTION['Transverse_Mercator'],PARAMETER['False_Easting',492125.0],PARAMETER['False_Northing',0.0],PARAMETER['Central_Meridian',-74.5],PARAMETER['Scale_Factor',0.9999],PARAMETER['Latitude_Of_Origin',38.83333333333334],UNIT['Foot_US',0.3048006096012192]] NAD_1983_To_WGS_1984_5 GEOGCS['GCS_WGS_1984',DATUM['D_WGS_1984',SPHEROID['WGS_1984',6378137.0,298.257223563]],PRIMEM['Greenwich',0.0],UNIT['Degree',0.0174532925199433]]</Process></lineage></DataProperties><SyncDate>20100126</SyncDate><SyncTime>16393800</SyncTime><ModDate>20100329</ModDate><ModTime>12045700</ModTime></Esri><distinfo><resdesc Sync="TRUE">Downloadable Data</resdesc><stdorder><digform><digtinfo><dssize Sync="TRUE">0.002</dssize><formname>AVSHP</formname><filedec>ZIP</filedec></digtinfo><digtopt><onlinopt><computer><networka><networkr>https://njgin.state.nj.us/oit/gis/download/hsip_colleges.zip</networkr></networka></computer></onlinopt></digtopt></digform><fees>None</fees><ordering>Download with web browser</ordering></stdorder><distrib><cntinfo><cntorgp><cntorg>NJ Office of Information Technology (NJOIT), Office of Geographic Information Systems (OGIS)</cntorg></cntorgp><cntaddr><addrtype>mailing address</addrtype><address>PO Box 212</address><city>Trenton</city><state>NJ</state><postal>08625</postal><country>USA</country></cntaddr><cntvoice>609.633.9103</cntvoice><cntemail>njgin@oit.state.nj.us</cntemail></cntinfo></distrib><distliab>The State of New Jersey provides the data set "as is". The State makes no guarantee or warranty concerning the accuracy of information contained in the data. Also, the State makes no warranty, either expressed or implied, regarding the condition of the product or its fitness for any particular purpose. The burden for determining fitness for use lies entirely with the user. Although these data files have been processed successfully on computers at the State, no warranty is made by the State regarding the use of the data on any other system, nor does the fact of distribution constitute or imply such a warranty.</distliab></distinfo><distInfo><distributor><distorTran><onLineSrc><orDesc Sync="TRUE">002</orDesc></onLineSrc></distorTran></distributor></distInfo></metadata>
