<?xml version="1.0" encoding="UTF-8"?><metadata>
    <idinfo>
        <citation>
            <citeinfo>
                <origin/>
                <pubdate>20200410</pubdate>
                <title>State Boundary of New Jersey</title>
                <geoform>vector digital data</geoform>
                <pubinfo>
                    <pubplace/>
                    <publish>NJ Office of Information Technology, Office of GIS (NJOGIS)</publish>
                </pubinfo>
                <onlink>https://njogis-newjersey.opendata.arcgis.com/</onlink>
            </citeinfo>
        </citation>
        <descript>
            <abstract>This data set is a spatial representation of the jurisdiction of the State of New Jersey developed by the NJ Office of Information Technology, Office of GIS (NJOGIS) in NJ State Plane Coordinate System (NAD83). It is not a survey document and must not be used as such. The polygon delineated in this data set does not represent the legal state boundary. This data set improves upon previous versions of the state boundary through the integration of coincident features from several high quality source data sets, as a component of the NJOGIS statewide Parcels Normalization Project concluded in March 2010.</abstract>
            <purpose>To provide basic jurisdictional information. This data set was developed to produce the most accurate delineation of the state boundary achievable from existing data sources.</purpose>
        </descript>
        <timeperd>
            <timeinfo>
                <sngdate>
                    <caldate>20200410</caldate>
                </sngdate>
            </timeinfo>
            <current>publication date</current>
        </timeperd>
        <status>
            <progress>Complete</progress>
            <update>Irregular</update>
        </status>
        <spdom>
            <bounding>
                <westbc>-75.593271</westbc>
                <eastbc>-73.890308</eastbc>
                <northbc>41.357813</northbc>
                <southbc>38.849424</southbc>
            </bounding>
        </spdom>
        <keywords>
            <theme>
                <themekt>None</themekt>
                <themekey>3 nautical mile limit</themekey>
                <themekey>boundary</themekey>
                <themekey>state</themekey>
            </theme>
            <theme>
                <themekt>ISO 19115 Topic Categories</themekt>
                <themekey>boundaries</themekey>
            </theme>
            <place>
                <placekt>None</placekt>
                <placekey>USA</placekey>
                <placekey>Mid-Atlantic</placekey>
                <placekey>NJ</placekey>
                <placekey>New Jersey</placekey>
                <placekey>PA</placekey>
                <placekey>Pennsylvania</placekey>
                <placekey>DE</placekey>
                <placekey>Delaware</placekey>
                <placekey>NY</placekey>
                <placekey>New York</placekey>
                <placekey>Atlantic Ocean</placekey>
                <placekey>Delaware River</placekey>
                <placekey>Delaware Bay</placekey>
                <placekey>Hudson River</placekey>
                <placekey>Raritan Bay</placekey>
                <placekey>Kill Van Kull</placekey>
                <placekey>Ellis Island</placekey>
                <placekey>Liberty Island</placekey>
                <placekey>Shooters Island</placekey>
            </place>
            <temporal>
                <tempkt>None</tempkt>
                <tempkey>2020</tempkey>
                <tempkey>2016</tempkey>
                <tempkey>2010</tempkey>
                <tempkey>2008</tempkey>
            </temporal>
        </keywords>
        <accconst>None</accconst>
        <useconst>This data set is not survey data and must not be used as survey data. The polygon delineated in this data set does not represent legal boundaries. See the balance of this metadata record for conditions that limit appropriate uses. Acknowledgement of the data set provider, NJ Office of Information Technology, Office of GIS (NJOGIS), would be appreciated for maps, data or other products derived from this data set. The State of New Jersey makes great effort to provide secure, accurate, and complete data and metadata. However, portions of the data and metadata may be incorrect or not current. Any errors or omissions should be reported for investigation. The State of New Jersey, its officers, employees or agents shall not be liable for damages or losses of any kind arising out of or in connection with the use or performance of data and metadata, including but not limited to, damages or losses caused by reliance upon the accuracy or timeliness of any such data and metadata, or damages incurred from the viewing, distributing, or copying of those materials. The data and metadata are provided "as is." No warranty of any kind, implied, expressed, or statutory, including but not limited to the warranties of non-infringement of third party rights, title, merchantability, fitness for a particular purpose, and freedom from computer virus, is given with respect to the data and metadata, or its hyperlinks to other Internet resources. The State disclaims any duty or obligation either to maintain availability of or to update the data and metadata.</useconst>
        <ptcontac>
            <cntinfo>
                <cntorgp>
                    <cntorg>NJ Office of Information Technology, Office of GIS (NJOGIS)</cntorg>
                </cntorgp>
                <cntaddr>
                    <addrtype>mailing</addrtype>
                    <address>PO Box 212</address>
                    <city>Trenton</city>
                    <state>NJ</state>
                    <postal>08625-0212</postal>
                    <country>US</country>
                </cntaddr>
                <cntvoice>use email</cntvoice>
                <cntemail>njgin@oit.nj.gov</cntemail>
            </cntinfo>
        </ptcontac>
        <datacred>Delaware Geological Survey - New Jersey/Delaware boundary data through the Delaware River within the 12 mile circle centered on the old New Castle County Courthouse (Used prior to 1881)

New Jersey Department of Environmental Protection, Bureau of Geographic Information Systems - New Jersey/New York boundary data for Ellis Island

New Jersey Department of Environmental Protection, Bureau of Geographic Information Systems - land use/landcover data delineation for the New Jersey/New York boundary for Liberty Island

New Jersey Department of Environmental Protection, New Jersey Geological Survey - New Jersey/New York boundary data for the northern border of New Jersey, and New Jersey/New York boundary data through the Hudson River, Kill Van Kull and Raritan Bay, and New Jersey/Delaware boundary data through Delaware Bay

NJ Office of Information Technology, Office of GIS (NJOGIS) - New Jersey/Pennsylvania boundary data, and Atlantic Coast "Three Nautical Mile Limit"</datacred>
        <secinfo>
            <secsys>ArcGIS</secsys>
            <secclass>Unclassified</secclass>
            <sechandl>no special handling required</sechandl>
        </secinfo>
        <native> Version 6.2 (Build 9200) ; Esri ArcGIS 10.5.1.7333</native>
    </idinfo>
    <dataqual>
        <attracc>
            <attraccr>The ACRES and SQ_MILES fields were recalculated based on SHAPE_AREA. No formal accuracy testing was performed to qualify or validate attribute data.</attraccr>
        </attracc>
        <logic>This data set was built from linework from various sources (described in the Process Step section) using the default cluster tolerance of 0.003 US survey feet.</logic>
        <complete>Covers the entire extent of the State of New Jersey. </complete>
        <posacc>
            <horizpa>
                <horizpar>Horizontal positional accuracy used to generate the state boundary varies by source data. No formal horizontal positional accuracy testing was performed to qualify or validate these data. Data were visually inspected.</horizpar>
            </horizpa>
        </posacc>
        <lineage>
            <srcinfo>
                <srccite>
                    <citeinfo>
                        <origin/>
                        <pubdate>19990101</pubdate>
                        <title>Ellis Island: New Jersey/New York Jurisdictional Boundary Line</title>
                        <geoform>vector digital data</geoform>
                        <pubinfo>
                            <pubplace/>
                            <publish>NJ Department of Environmental Protection (NJDEP), Office of Information Resources Management (OIRM), Bureau of Geographic Information Systems (BGIS)</publish>
                        </pubinfo>
                    </citeinfo>
                </srccite>
                <typesrc>onLine</typesrc>
                <srctime>
                    <timeinfo>
                        <sngdate>
                            <caldate>18570101</caldate>
                        </sngdate>
                    </timeinfo>
                    <srccurr>ground condition</srccurr>
                </srctime>
                <srccitea>Ellis Island</srccitea>
                <srccontr>New Jersey Department of Environmental Protection, Bureau of Geographic Information Systems data representing the New Jersey/New York boundary for Ellis Island delineated from an 1857 US Coast Survey Map</srccontr>
            </srcinfo>
            <srcinfo>
                <srccite>
                    <citeinfo>
                        <origin/>
                        <pubdate>20070101</pubdate>
                        <title>New Jersey/New York and New Jersey/Delaware boundary data</title>
                        <geoform>vector digital data</geoform>
                        <pubinfo>
                            <pubplace/>
                            <publish>New Jersey Department of Environmental Protection, New Jersey Geological Survey</publish>
                        </pubinfo>
                    </citeinfo>
                </srccite>
                <typesrc>onLine</typesrc>
                <srctime>
                    <timeinfo>
                        <sngdate>
                            <caldate>20070101</caldate>
                        </sngdate>
                    </timeinfo>
                    <srccurr>publication date</srccurr>
                </srctime>
                <srccitea>NJGS</srccitea>
                <srccontr>New Jersey Department of Environmental Protection, New Jersey Geological Survey - New Jersey/New York boundary data for the northern border of New Jersey, and New Jersey/New York boundary data through the Hudson River, Kill Van Kull and Raritan Bay, and New Jersey/Delaware boundary data through Delaware Bay</srccontr>
            </srcinfo>
            <srcinfo>
                <srccite>
                    <citeinfo>
                        <origin/>
                        <pubdate>20040101</pubdate>
                        <title>2002 Delaware State Outline (line)</title>
                        <geoform>vector digital data</geoform>
                        <pubinfo>
                            <pubplace/>
                            <publish>Delaware Geological Survey</publish>
                        </pubinfo>
                        <onlink>http://www.state.de.us/planning/info/outline.htm</onlink>
                    </citeinfo>
                </srccite>
                <typesrc>onLine</typesrc>
                <srctime>
                    <timeinfo>
                        <sngdate>
                            <caldate>19350101</caldate>
                        </sngdate>
                    </timeinfo>
                    <srccurr>ground condition</srccurr>
                </srctime>
                <srccitea>DGS</srccitea>
                <srccontr>Delaware Geological Survey New Jersey/Delaware boundary data through the Delaware River delineated from descriptions in a 1934-1935 Court Decree of the US Supreme Court</srccontr>
            </srcinfo>
            <srcinfo>
                <srccite>
                    <citeinfo>
                        <origin/>
                        <pubdate>20080401</pubdate>
                        <title>Domestic Names - State and Topical Gazetteer Download Files</title>
                        <geoform>tabular digital data</geoform>
                        <pubinfo>
                            <pubplace/>
                            <publish>United States Board on Geographic Names, United State Geological Survey</publish>
                        </pubinfo>
                        <onlink>http://geonames.usgs.gov/domestic/download_data.htm</onlink>
                    </citeinfo>
                </srccite>
                <typesrc>onLine</typesrc>
                <srctime>
                    <timeinfo>
                        <sngdate>
                            <caldate>20080401</caldate>
                        </sngdate>
                    </timeinfo>
                    <srccurr>publication date</srccurr>
                </srctime>
                <srccitea>GNIS</srccitea>
                <srccontr>United States Board on Geographic Names, United State Geological Survey GNIS civil codes and names</srccontr>
            </srcinfo>
            <srcinfo>
                <srccite>
                    <citeinfo>
                        <origin/>
                        <pubdate>20070206</pubdate>
                        <title>2002 Landuse/Landcover by Watershed Management Area (WMA)</title>
                        <geoform>vector digital data</geoform>
                        <pubinfo>
                            <pubplace/>
                            <publish>New Jersey Department of Environmental Protection (NJDEP), Office of Information Resources Management (OIRM), Bureau of Geographic Information Systems (BGIS)</publish>
                        </pubinfo>
                        <onlink>http://www.nj.gov/dep/gis/lulc02shp.html</onlink>
                    </citeinfo>
                </srccite>
                <srcscale>12000</srcscale>
                <typesrc>onLine</typesrc>
                <srctime>
                    <timeinfo>
                        <sngdate>
                            <caldate>20020101</caldate>
                        </sngdate>
                    </timeinfo>
                    <srccurr>ground condition</srccurr>
                </srctime>
                <srccitea>LULC</srccitea>
                <srccontr>New Jersey Department of Environmental Protection, Bureau of Geographic Information Systems land use/landcover data delineation for the New Jersey/New York boundary for Liberty Island</srccontr>
            </srcinfo>
            <procstep>
                <procdesc>A three nautical miles buffer from the Atlantic shoreline was created from the NJOGIS Municipalities of New Jersey (nj_munis) data set using the BUFFER command. This line forms the state boundary along the Atlantic coast.</procdesc>
                <procdate>20070101</procdate>
                <proccont>
                    <cntinfo>
                        <cntorgp>
                            <cntorg>Civil Solutions</cntorg>
                            <cntper>Steve Eckhardt</cntper>
                        </cntorgp>
                        <cntpos>GIS Client Manager</cntpos>
                        <cntaddr>
                            <addrtype>mailing</addrtype>
                            <address>800 S White Horse Pike, PO Box 579</address>
                            <city>Hammonton</city>
                            <state>NJ</state>
                            <postal>08037-2019</postal>
                            <country>US</country>
                        </cntaddr>
                        <cntvoice>(800) 924-0482</cntvoice>
                        <cntfax>(609) 704-8011</cntfax>
                        <cntemail>seckh@arh-us.com</cntemail>
                        <hours>Monday-Friday 8:00 AM-5:00 PM</hours>
                    </cntinfo>
                </proccont>
            </procstep>
            <procstep>
                <procdesc>New Jersey Department of Environmental Protection, New Jersey Geological Survey New Jersey/New York boundary data were used as primary data sources for the northern border of New Jersey, and New Jersey/New York boundary data through the Hudson River, Kill Van Kull and Raritan Bay, and New Jersey/Delaware boundary data through Delaware Bay. Survey points were used to delineate the New Jersey/New York boundary for the northern border of the state. Turning points through the Hudson River, Kill Van Kull and Raritan Bay were used to delineate the New Jersey/New York boundary, and the New Jersey/Delaware boundary through Delaware Bay.</procdesc>
                <procdate>20070201</procdate>
                <proccont>
                    <cntinfo>
                        <cntorgp>
                            <cntorg>Civil Solutions</cntorg>
                            <cntper>Steve Eckhardt</cntper>
                        </cntorgp>
                        <cntpos>GIS Client Manager</cntpos>
                        <cntaddr>
                            <addrtype>mailing</addrtype>
                            <address>800 S White Horse Pike, PO Box 579</address>
                            <city>Hammonton</city>
                            <state>NJ</state>
                            <postal>08037-2019</postal>
                            <country>US</country>
                        </cntaddr>
                        <cntvoice>(800) 924-0482</cntvoice>
                        <cntfax>(609) 704-8011</cntfax>
                        <cntemail>seckh@arh-us.com</cntemail>
                        <hours>Monday-Friday 8:00 AM-5:00 PM</hours>
                    </cntinfo>
                </proccont>
            </procstep>
            <procstep>
                <procdesc>Delaware Geological Survey boundary data for the New Jersey/Delaware border through the Delaware River were used as a primary data source. Boundary, boundary monument, and boundary reference monument positions were calculated at the 1934 mean low water line along the New Jersey shoreline from descriptions in a 1934/1935 United States Supreme Court Decree.</procdesc>
                <procdate>20070301</procdate>
                <proccont>
                    <cntinfo>
                        <cntorgp>
                            <cntorg>Civil Solutions</cntorg>
                            <cntper>Steve Eckhardt</cntper>
                        </cntorgp>
                        <cntpos>GIS Client Manager</cntpos>
                        <cntaddr>
                            <addrtype>mailing</addrtype>
                            <address>800 S White Horse Pike, PO Box 579</address>
                            <city>Hammonton</city>
                            <state>NJ</state>
                            <postal>08037-2019</postal>
                            <country>US</country>
                        </cntaddr>
                        <cntvoice>(800) 924-0482</cntvoice>
                        <cntfax>(609) 704-8011</cntfax>
                        <cntemail>seckh@arh-us.com</cntemail>
                        <hours>Monday-Friday 8:00 AM-5:00 PM</hours>
                    </cntinfo>
                </proccont>
            </procstep>
            <procstep>
                <procdesc>A delineation of the centerline of the Delaware River representing the New Jersey/Pennsylvania boundary was developed for the project. An inventory of Delaware River islands with state jurisdiction was developed from information in "The Story Of New Jersey's Civil Boundaries 1606 - 1968" by John F. Snyder, Bureau of Geology and Topography, Trenton, New Jersey, 1969. Using this information, a delineation was generated to represent the centerline of the Delaware River from the New Jersey/New York border to the 12 mile circle at the New Jersey/Delaware border. The delineation of the centerline of the Delaware River was generated by manually digitizing the river's visible shorelines, interpreted from NJ Office of Information Technology, Office of GIS (NJOGIS) 2002 orthophotography (+/-4 feet). A centerline was generated from the shorelines utilizing the DUAL COLLAPSE command. Using the automated centerline as a guide, the final delineation was manually digitized to provide a smoother, more visually suitable centerline.</procdesc>
                <procdate>20080101</procdate>
                <proccont>
                    <cntinfo>
                        <cntorgp>
                            <cntorg>Civil Solutions</cntorg>
                            <cntper>Steve Eckhardt</cntper>
                        </cntorgp>
                        <cntpos>GIS Client Manager</cntpos>
                        <cntaddr>
                            <addrtype>mailing</addrtype>
                            <address>800 S White Horse Pike, PO Box 579</address>
                            <city>Hammonton</city>
                            <state>NJ</state>
                            <postal>08037-2019</postal>
                            <country>US</country>
                        </cntaddr>
                        <cntvoice>(800) 924-0482</cntvoice>
                        <cntfax>(609) 704-8011</cntfax>
                        <cntemail>seckh@arh-us.com</cntemail>
                        <hours>Monday-Friday 8:00 AM-5:00 PM</hours>
                    </cntinfo>
                </proccont>
            </procstep>
            <procstep>
                <procdesc>The polygon was built from the source data in ArcCatalog using the POLYGON FEATURE CLASS FROM LINES command with the default cluster tolerance of 0.003 US survey feet.</procdesc>
                <procdate>20080401</procdate>
                <proccont>
                    <cntinfo>
                        <cntorgp>
                            <cntorg>Civil Solutions</cntorg>
                            <cntper>Stephen Eckhardt</cntper>
                        </cntorgp>
                        <cntpos>GIS Client Manager</cntpos>
                        <cntaddr>
                            <addrtype>mailing</addrtype>
                            <address>800 S White Horse Pike, PO Box 579</address>
                            <city>Hammonton</city>
                            <state>New Jersey</state>
                            <postal>08037-2019</postal>
                            <country>US</country>
                        </cntaddr>
                        <cntvoice>800-924-0482</cntvoice>
                        <cntfax>609-704-8011</cntfax>
                        <cntemail>seckh@arh-us.com</cntemail>
                        <hours>Monday-Friday 8:00 AM-5:00 PM</hours>
                    </cntinfo>
                </proccont>
            </procstep>
            <procstep>
                <procdesc>New Jersey Department of Environmental Protection, Bureau of Geographic Information Systems data representing the New Jersey/New York boundary for Ellis Island were used as a primary data source. These data were delineated from an 1857 United States Coast Survey Map.</procdesc>
                <procdate>20080501</procdate>
                <proccont>
                    <cntinfo>
                        <cntorgp>
                            <cntorg>Civil Solutions</cntorg>
                            <cntper>Steve Eckhardt</cntper>
                        </cntorgp>
                        <cntpos>GIS Client Manager</cntpos>
                        <cntaddr>
                            <addrtype>mailing</addrtype>
                            <address>800 S White Horse Pike, PO Box 579</address>
                            <city>Hammonton</city>
                            <state>NJ</state>
                            <postal>08037-2019</postal>
                            <country>US</country>
                        </cntaddr>
                        <cntvoice>(800) 924-0482</cntvoice>
                        <cntfax>(609) 704-8011</cntfax>
                        <cntemail>seckh@arh-us.com</cntemail>
                        <hours>Monday-Friday 8:00 AM-5:00 PM</hours>
                    </cntinfo>
                </proccont>
            </procstep>
            <procstep>
                <procdesc>New Jersey Department of Environmental Protection, Bureau of Geographic Information Systems land use/landcover data were used as a primary data source to develop the New Jersey/New York boundary for Liberty Island. These data were derived from NJ Office of Information Technology, Office of GIS (NJOGIS) 2002 orthophotography (+/-4 feet). The delineation from the land use/landcover data for the shoreline of Liberty Island was used to represent the state boundary coincident with that shoreline. Liberty Island is part of New York, but the surrounding waters are in New Jersey.</procdesc>
                <procdate>20080515</procdate>
                <proccont>
                    <cntinfo>
                        <cntorgp>
                            <cntorg>Civil Solutions</cntorg>
                            <cntper>Stephen Eckhardt</cntper>
                        </cntorgp>
                        <cntpos>GIS Client Manager</cntpos>
                        <cntaddr>
                            <addrtype>mailing</addrtype>
                            <address>800 S White Horse Pike, PO Box 579</address>
                            <city>Hammonton</city>
                            <state>NJ</state>
                            <postal>08037-2019</postal>
                            <country>US</country>
                        </cntaddr>
                        <cntvoice>(800) 924-0482</cntvoice>
                        <cntfax>(609) 704-8011</cntfax>
                        <cntemail>seckh@arh-us.com</cntemail>
                        <hours>Monday-Friday 8:00 AM-5:00 PM</hours>
                    </cntinfo>
                </proccont>
            </procstep>
            <procstep>
                <procdesc>The Liberty Island data set and the area selected from the Ellis Island data set belonging to New York were merged into the state polygon using the CONSTRUCT FEATURES tool. Those areas were then deleted from the state polygon.</procdesc>
                <procdate>20080531</procdate>
                <proccont>
                    <cntinfo>
                        <cntorgp>
                            <cntorg>Civil Solutions</cntorg>
                            <cntper>Steve Eckhardt</cntper>
                        </cntorgp>
                        <cntpos>GIS Client Manager</cntpos>
                        <cntaddr>
                            <addrtype>mailing</addrtype>
                            <address>800 S White Horse Pike, PO Box 579</address>
                            <city>Hammonton</city>
                            <state>NJ</state>
                            <postal>08037-2019</postal>
                            <country>US</country>
                        </cntaddr>
                        <cntvoice>(800) 924-0482</cntvoice>
                        <cntfax>(609) 704-8011</cntfax>
                        <cntemail>seckh@arh-us.com</cntemail>
                        <hours>Monday-Friday 8:00 AM-5:00 PM</hours>
                    </cntinfo>
                </proccont>
            </procstep>
            <procstep>
                <procdesc>As a component of the NJ Office of Information Technology, Office of GIS (NJOGIS) Parcels Normalization Project in 2008-2010, parcels boundaries were modified to match municipal, county and state boundaries data developed by NJOGIS in 2008 where those boundaries were coincident. During this process, modifications were made to the municipal, county and state boundaries data sets to improve spatial and temporal accuracy where research was necessary to resolve boundary conflicts, and in areas where higher quality data became available subsequent to the 2008 boundaries data release.</procdesc>
                <procdate>20100201</procdate>
                <proccont>
                    <cntinfo>
                        <cntorgp>
                            <cntorg>Civil Solutions</cntorg>
                            <cntper>Steve Eckhardt</cntper>
                        </cntorgp>
                        <cntpos>GIS Client Manager</cntpos>
                        <cntaddr>
                            <addrtype>mailing</addrtype>
                            <address>800 S White Horse Pike, PO Box 579</address>
                            <city>Hammonton</city>
                            <state>NJ</state>
                            <postal>08037-2019</postal>
                            <country>US</country>
                        </cntaddr>
                        <cntvoice>(800) 924-0482</cntvoice>
                        <cntfax>(609) 704-8011</cntfax>
                        <cntemail>seckh@arh-us.com</cntemail>
                        <hours>8-5</hours>
                    </cntinfo>
                </proccont>
            </procstep>
            <procstep>
                <procdesc>Attributes were added to the attribute table. The ACRES and SQ_MILES fields were recalculated based on SHAPE_AREA. Attributes for Geographical Naming Information System (GNIS) codes and names were reviewed in collaboration with GNIS-US Geological Survey and US Census Bureau representatives. No formal accuracy testing was performed to qualify or validate attribute data.</procdesc>
                <procdate>20100309</procdate>
                <proccont>
                    <cntinfo>
                        <cntorgp>
                            <cntorg>NJ Office of Information Technology, Office of GIS (NJOGIS)</cntorg>
                            <cntper>Douglas M. Schleifer</cntper>
                        </cntorgp>
                        <cntpos>GIS Specialist</cntpos>
                        <cntaddr>
                            <addrtype>mailing</addrtype>
                            <address>PO Box 212</address>
                            <city>Trenton</city>
                            <state>NJ</state>
                            <postal>08625-0212</postal>
                            <country>US</country>
                        </cntaddr>
                        <cntvoice>609-376-7594</cntvoice>
                        <cntemail>doug.schleifer@oit.state.nj.us</cntemail>
                        <hours>M-F 9-4</hours>
                    </cntinfo>
                </proccont>
            </procstep>
            <procstep>
                <procdesc>It was noticed the some of the features from the nj_counties and nj_munis feature class boundaries had become slightly non-coincindent with the nj_state feature class boundary. The nj_state feature class was added to the legal boundaries topology feaure class with a rank of 1. Topology rules were set-up to require the nj_counties and nj_munis feature classes to be contained in the nj_state fature class. Topology rule was also added that requires the nj_state feature class boundary to be coincident with the nj_munis_arcs feature class. The part of the nj_state boundary that is not coincident with nj_munis_arcs boundaries (Atlantic Ocean, Deleware Bay, and Hudson River) were all mark as exceptions to this rule.</procdesc>
                <procdate>20160720</procdate>
                <proccont>
                    <cntinfo>
                        <cntorgp>
                            <cntorg>NJ Office of Information Technology, Office of GIS (NJOGIS)</cntorg>
                            <cntper>Patrick McDonald</cntper>
                        </cntorgp>
                        <cntpos>GIS Specialist</cntpos>
                        <cntaddr>
                            <addrtype>mailing</addrtype>
                            <address>PO Box 212</address>
                            <city>Trenton</city>
                            <state>NJ</state>
                            <postal>08625-0212</postal>
                            <country>US</country>
                        </cntaddr>
                        <cntvoice>609-376-7552</cntvoice>
                        <cntemail>patrick.mcdonald@oit.nj.gov</cntemail>
                        <hours>M-F 9-4</hours>
                        <cntinst>email preferred</cntinst>
                    </cntinfo>
                </proccont>
            </procstep>
            <procstep>
                <procdesc>Working in conjunction with the New York State Information Technology services (NYITS), the New Jersey Office of GIS (NJOGIS), extended the NY/NJ northern boundary line further into the Delaware River, near Port Jervis, NY, to line up with the previously agreed to line between Pennsylvania and New York State.  For the rest of the NY/NJ boundary line, New York State adopted the boundary as represented by New Jersey.</procdesc>
                <procdate>20191219</procdate>
                <proccont>
                    <cntinfo>
                        <cntorgp>
                            <cntorg>NJ Office of Information Technology, Office of GIS (NJOGIS)</cntorg>
                            <cntper>Patrick McDonald, GISP</cntper>
                        </cntorgp>
                        <cntpos>Supervisor, Spatial Data Development</cntpos>
                        <cntaddr>
                            <addrtype>mailing</addrtype>
                            <address>PO Box 212</address>
                            <city>Trenton</city>
                            <state>NJ</state>
                            <postal>08625-0212</postal>
                            <country>US</country>
                        </cntaddr>
                        <cntvoice>609-376-7552</cntvoice>
                        <cntemail>Patrick.McDonald@tech.nj.gov</cntemail>
                        <hours>M - F, 9am - 5pm</hours>
                        <cntinst>Email is preferred.</cntinst>
                    </cntinfo>
                </proccont>
            </procstep>
            <procstep>
                <procdesc>The New Jersey Office of GIS (NJOGIS) worked in conjunction with the Pennsylvania Department of Transportation (PennDOT) to create a coincident boundary between NJ/PA in the Delaware River. After examining both boundaries, both parties agreed to a process of generating a new boundary line.  Using the most recent NJ Department of Environmental Protection's (NJDEP) Delaware River Shorelines feature class, cross-section lines, and the island inventory from the 18th century bi-state commission's annexation reports, NJOGIS generated a new boundary between NJ/PA.  This new line was reviewed PennDOT, and any disagreements were approved by both states.</procdesc>
                <procdate>20191219</procdate>
                <proctime>000030</proctime>
                <proccont>
                    <cntinfo>
                        <cntorgp>
                            <cntorg>NJ Office of Information Technology, Office of GIS (NJOGIS)</cntorg>
                            <cntper>Patrick McDonald, GISP</cntper>
                        </cntorgp>
                        <cntpos>Supervisor, Spatial Data Development</cntpos>
                        <cntaddr>
                            <addrtype>mailing</addrtype>
                            <address>PO Box 212</address>
                            <city>Trenton</city>
                            <state>NJ</state>
                            <postal>08625-0212</postal>
                            <country>US</country>
                        </cntaddr>
                        <cntvoice>609-376-7552</cntvoice>
                        <cntemail>Patrick.McDonald@tech.nj.gov</cntemail>
                        <hours>M - F, 9am - 5pm</hours>
                        <cntinst>Email is preferred.</cntinst>
                    </cntinfo>
                </proccont>
            </procstep>
        </lineage>
    </dataqual>
    <spdoinfo>
        <direct>Vector</direct>
        <ptvctinf>
            <sdtsterm>
                <sdtstype>Complete chain</sdtstype>
                <ptvctcnt>1</ptvctcnt>
            </sdtsterm>
        </ptvctinf>
    </spdoinfo>
    <eainfo>
        <detailed>
            <enttyp>
                <enttypl>Govt_admin_state_bnd</enttypl>
                <enttypd>New Jersey State boundary</enttypd>
                <enttypds>NJ Office of Information Technology, Office of GIS (NJOGIS)</enttypds>
            </enttyp>
            <attr>
                <attrlabl>OBJECTID</attrlabl>
                <attrdef>Internal feature number.</attrdef>
                <attrdefs>ESRI</attrdefs>
                <attrdomv>
                                        
                    <udom>Sequential unique whole numbers that are automatically generated.</udom>
                                    
                </attrdomv>
            </attr>
            <attr>
                <attrlabl>NAME</attrlabl>
                <attrdef>state name</attrdef>
                <attrdefs>NJ Office of Information Technology, Office of GIS (NJOGIS)</attrdefs>
                <attrdomv>
                                        
                    <udom>state name</udom>
                                    
                </attrdomv>
            </attr>
            <attr>
                <attrlabl>GNIS_NAME</attrlabl>
                <attrdef>state name (GNIS)</attrdef>
                <attrdefs>Bureau of Geographic Names - United States Geological Survey</attrdefs>
                <attrdomv>
                                        
                    <udom>state name (GNIS)</udom>
                                    
                </attrdomv>
            </attr>
            <attr>
                <attrlabl>GNIS</attrlabl>
                <attrdef>GNIS civil code</attrdef>
                <attrdefs>Bureau of Geographic Names - United States Geological Survey</attrdefs>
                <attrdomv>
                                        
                    <codesetd>
                                                
                        <codesetn>GNIS civil code</codesetn>
                                                
                        <codesets>Bureau of Geographic Names - United States Geological Survey</codesets>
                                            
                    </codesetd>
                                    
                </attrdomv>
            </attr>
            <attr>
                <attrlabl>ACRES</attrlabl>
                <attrdef>area of the state in acres (calculated from square feet in attribute table)</attrdef>
                <attrdefs>NJ Office of Information Technology, Office of GIS (NJOGIS)</attrdefs>
                <attrdomv>
                                        
                    <edom>
                                                
                        <edomv>5549741.34</edomv>
                                                
                        <edomvd>area of the state in acres</edomvd>
                                                
                        <edomvds>calculated from square feet from the SHAPE_AREA field in the attribute table</edomvds>
                                            
                    </edom>
                                    
                </attrdomv>
            </attr>
            <attr>
                <attrlabl>SQ_MILES</attrlabl>
                <attrdef>area of municipality in square miles (calculated from square feet in attribute table)</attrdef>
                <attrdefs>NJ Office of Information Technology, Office of GIS (NJOGIS)</attrdefs>
                <attrdomv>
                                        
                    <edom>
                                                
                        <edomv>8671.47</edomv>
                                                
                        <edomvd>area of municipality in square miles</edomvd>
                                                
                        <edomvds>calculated from square feet from the SHAPE_AREA field in the attribute table</edomvds>
                                            
                    </edom>
                                    
                </attrdomv>
            </attr>
            <attr>
                <attrlabl>SHAPE</attrlabl>
                <attrdef>Feature geometry.</attrdef>
                <attrdefs>ESRI</attrdefs>
                <attrdomv>
                                        
                    <udom>Coordinates defining the features.</udom>
                                    
                </attrdomv>
            </attr>
            <attr>
                <attrlabl>GLOBALID</attrlabl>
            </attr>
            <attr>
                <attrlabl>Shape_Length</attrlabl>
                <attrdef>Length of feature in internal units.</attrdef>
                <attrdefs>ESRI</attrdefs>
                <attrdomv>
                                        
                    <udom>Positive real numbers that are automatically generated.</udom>
                                    
                </attrdomv>
            </attr>
            <attr>
                <attrlabl>Shape_Area</attrlabl>
                <attrdef>Area of feature in internal units squared.</attrdef>
                <attrdefs>ESRI</attrdefs>
                <attrdomv>
                                        
                    <udom>Positive real numbers that are automatically generated.</udom>
                                    
                </attrdomv>
            </attr>
        </detailed>
    </eainfo>
    <distinfo>
        <distrib>
            <cntinfo>
                <cntorgp>
                    <cntorg>NJ Office of Information Technology, Office of GIS (NJOGIS)</cntorg>
                </cntorgp>
                <cntaddr>
                    <addrtype>mailing</addrtype>
                    <address>PO Box 212</address>
                    <city>Trenton</city>
                    <state>NJ</state>
                    <postal>08625-0212</postal>
                    <country>US</country>
                </cntaddr>
                <cntvoice>use email</cntvoice>
                <cntemail>njgin@oit.nj.gov</cntemail>
            </cntinfo>
        </distrib>
        <distliab>See Use Constraints (General Constraints, Use Limitation.)</distliab>
        <stdorder>
            <digform>
                <digtinfo>
                    <formname>Esri map service - ArcREST</formname>
                    <formvern>10.x</formvern>
                    <formspec>https://developers.arcgis.com/rest/services-reference/</formspec>
                    <formcont>Georeferenced map image and query</formcont>
                </digtinfo>
                <digtopt>
                    <onlinopt>
                        <computer>
                            <networka>
                                <networkr>https://maps.nj.gov/arcgis/rest/services/Framework/Government_Boundaries/MapServer/0</networkr>
                            </networka>
                        </computer>
                    </onlinopt>
                </digtopt>
            </digform>
            <fees>0.00</fees>
            <ordering>The state boundary is available as an Esri REST service, which is registered as a feature layer with ArcGIS Online; and as a downloadable zipped shapefile via NJGIN Open Data.</ordering>
        </stdorder>
        <availabl>
            <timeinfo>
                <sngdate>
                    <caldate>20200410</caldate>
                </sngdate>
            </timeinfo>
        </availabl>
    </distinfo>
    <metainfo>
        <metd>20240126</metd>
        <metc>
            <cntinfo>
                <cntorgp>
                    <cntorg>NJ Office of Information Technology, Office of GIS (NJOGIS)</cntorg>
                </cntorgp>
                <cntaddr>
                    <addrtype>mailing</addrtype>
                    <address>PO Box 212</address>
                    <city>Trenton</city>
                    <state>NJ</state>
                    <postal>08625-0212</postal>
                    <country>US</country>
                </cntaddr>
                <cntvoice>use email</cntvoice>
                <cntemail>njgin@oit.nj.gov</cntemail>
            </cntinfo>
        </metc>
        <metstdn>FGDC Content Standard for Digital Geospatial Metadata</metstdn>
        <metstdv>FGDC-STD-001-1998</metstdv>
        <mettc>local time</mettc>
        <metsi>
            <metscs>ArcGIS</metscs>
            <metsc>Unclassified</metsc>
            <metshd>no special handling required</metshd>
        </metsi>
    </metainfo>
</metadata>
